time,price
1/1/2017,998.3250122
1/2/2017,1021.75
1/3/2017,1043.839966
1/4/2017,1154.72998
1/5/2017,1013.380005
1/6/2017,902.2009888
1/7/2017,908.585022
1/8/2017,911.1989746
1/9/2017,902.8280029
1/10/2017,907.6790161
1/11/2017,777.757019
1/12/2017,804.8339844
1/13/2017,823.9840088
1/14/2017,818.4119873
1/15/2017,821.7979736
1/16/2017,831.5339966
1/17/2017,907.9379883
1/18/2017,886.617981
1/19/2017,899.072998
1/20/2017,895.026001
1/21/2017,921.7890015
1/22/2017,924.6729736
1/23/2017,921.0120239
1/24/2017,892.6870117
1/25/2017,901.5419922
1/26/2017,917.5859985
1/27/2017,919.75
1/28/2017,921.5900269
1/29/2017,919.4959717
1/30/2017,920.382019
1/31/2017,970.4030151
2/1/2017,989.0230103
2/2/2017,1011.799988
2/3/2017,1029.910034
2/4/2017,1042.900024
2/5/2017,1027.339966
2/6/2017,1038.150024
2/7/2017,1061.349976
2/8/2017,1063.069946
2/9/2017,994.3829956
2/10/2017,988.6740112
2/11/2017,1004.450012
2/12/2017,999.1810303
2/13/2017,990.6420288
2/14/2017,1004.549988
2/15/2017,1007.47998
2/16/2017,1027.439941
2/17/2017,1046.209961
2/18/2017,1054.420044
2/19/2017,1047.869995
2/20/2017,1079.97998
2/21/2017,1115.300049
2/22/2017,1117.439941
2/23/2017,1166.719971
2/24/2017,1173.680054
2/25/2017,1143.839966
2/26/2017,1165.199951
2/27/2017,1179.969971
2/28/2017,1179.969971
3/1/2017,1222.5
3/2/2017,1251.01001
3/3/2017,1274.98999
3/4/2017,1255.150024
3/5/2017,1267.119995
3/6/2017,1272.829956
3/7/2017,1223.540039
3/8/2017,1150
3/9/2017,1188.48999
3/10/2017,1116.719971
3/11/2017,1175.829956
3/12/2017,1221.380005
3/13/2017,1231.920044
3/14/2017,1240
3/15/2017,1249.609985
3/16/2017,1187.810059
3/17/2017,1100.22998
3/18/2017,973.8179932
3/19/2017,1036.73999
3/20/2017,1054.22998
3/21/2017,1120.540039
3/22/2017,1049.140015
3/23/2017,1038.589966
3/24/2017,937.5200195
3/25/2017,972.7789917
3/26/2017,966.7249756
3/27/2017,1045.77002
3/28/2017,1047.150024
3/29/2017,1039.969971
3/30/2017,1026.430054
3/31/2017,1071.790039
4/1/2017,1080.5
4/2/2017,1102.170044
4/3/2017,1143.810059
4/4/2017,1133.25
4/5/2017,1124.780029
4/6/2017,1182.680054
4/7/2017,1176.900024
4/8/2017,1175.949951
4/9/2017,1187.869995
4/10/2017,1187.130005
4/11/2017,1205.01001
4/12/2017,1200.369995
4/13/2017,1169.280029
4/14/2017,1167.540039
4/15/2017,1172.52002
4/16/2017,1182.939941
4/17/2017,1193.910034
4/18/2017,1211.670044
4/19/2017,1210.290039
4/20/2017,1229.079956
4/21/2017,1222.050049
4/22/2017,1231.709961
4/23/2017,1207.209961
4/24/2017,1250.150024
4/25/2017,1265.48999
4/26/2017,1281.079956
4/27/2017,1317.72998
4/28/2017,1316.47998
4/29/2017,1321.790039
4/30/2017,1347.890015
5/1/2017,1421.599976
5/2/2017,1452.819946
5/3/2017,1490.089966
5/4/2017,1537.670044
5/5/2017,1555.449951
5/6/2017,1578.800049
5/7/2017,1596.709961
5/8/2017,1723.349976
5/9/2017,1755.359985
5/10/2017,1787.130005
5/11/2017,1848.569946
5/12/2017,1724.23999
5/13/2017,1804.910034
5/14/2017,1808.910034
5/15/2017,1738.430054
5/16/2017,1734.449951
5/17/2017,1839.089966
5/18/2017,1888.650024
5/19/2017,1987.709961
5/20/2017,2084.72998
5/21/2017,2041.199951
5/22/2017,2173.399902
5/23/2017,2320.419922
5/24/2017,2443.639893
5/25/2017,2304.97998
5/26/2017,2202.419922
5/27/2017,2038.869995
5/28/2017,2155.800049
5/29/2017,2255.610107
5/30/2017,2175.469971
5/31/2017,2286.409912
6/1/2017,2407.879883
6/2/2017,2488.550049
6/3/2017,2515.350098
6/4/2017,2511.810059
6/5/2017,2686.810059
6/6/2017,2863.199951
6/7/2017,2732.159912
6/8/2017,2805.620117
6/9/2017,2823.810059
6/10/2017,2947.709961
6/11/2017,2958.110107
6/12/2017,2659.629883
6/13/2017,2717.02002
6/14/2017,2506.370117
6/15/2017,2464.580078
6/16/2017,2518.560059
6/17/2017,2655.879883
6/18/2017,2548.290039
6/19/2017,2589.600098
6/20/2017,2721.790039
6/21/2017,2689.100098
6/22/2017,2705.409912
6/23/2017,2744.909912
6/24/2017,2608.719971
6/25/2017,2589.409912
6/26/2017,2478.449951
6/27/2017,2552.449951
6/28/2017,2574.790039
6/29/2017,2539.320068
6/30/2017,2480.840088
7/1/2017,2434.550049
7/2/2017,2506.469971
7/3/2017,2564.060059
7/4/2017,2601.639893
7/5/2017,2601.98999
7/6/2017,2608.560059
7/7/2017,2518.659912
7/8/2017,2571.340088
7/9/2017,2518.439941
7/10/2017,2372.560059
7/11/2017,2337.790039
7/12/2017,2398.840088
7/13/2017,2357.899902
7/14/2017,2233.340088
7/15/2017,1998.859985
7/16/2017,1929.819946
7/17/2017,2228.409912
7/18/2017,2318.879883
7/19/2017,2273.429932
7/20/2017,2817.600098
7/21/2017,2667.76001
7/22/2017,2810.120117
7/23/2017,2730.399902
7/24/2017,2754.860107
7/25/2017,2576.47998
7/26/2017,2529.449951
7/27/2017,2671.780029
7/28/2017,2809.01001
7/29/2017,2726.449951
7/30/2017,2757.179932
7/31/2017,2875.340088
8/1/2017,2718.26001
8/2/2017,2710.669922
8/3/2017,2804.72998
8/4/2017,2895.889893
8/5/2017,3252.909912
8/6/2017,3213.939941
8/7/2017,3378.939941
8/8/2017,3419.939941
8/9/2017,3342.469971
8/10/2017,3381.280029
8/11/2017,3650.620117
8/12/2017,3884.709961
8/13/2017,4073.26001
8/14/2017,4325.129883
8/15/2017,4181.930176
8/16/2017,4376.629883
8/17/2017,4331.689941
8/18/2017,4160.620117
8/19/2017,4193.700195
8/20/2017,4087.659912
8/21/2017,4001.73999
8/22/2017,4100.52002
8/23/2017,4151.52002
8/24/2017,4334.680176
8/25/2017,4371.600098
8/26/2017,4352.399902
8/27/2017,4382.879883
8/28/2017,4382.660156
8/29/2017,4579.02002
8/30/2017,4565.299805
8/31/2017,4703.390137
9/1/2017,4892.009766
9/2/2017,4578.77002
9/3/2017,4582.959961
9/4/2017,4236.310059
9/5/2017,4376.529785
9/6/2017,4597.120117
9/7/2017,4599.879883
9/8/2017,4228.75
9/9/2017,4226.060059
9/10/2017,4122.939941
9/11/2017,4161.27002
9/12/2017,4130.810059
9/13/2017,3882.590088
9/14/2017,3154.949951
9/15/2017,3637.52002
9/16/2017,3625.040039
9/17/2017,3582.879883
9/18/2017,4065.199951
9/19/2017,3924.969971
9/20/2017,3905.949951
9/21/2017,3631.040039
9/22/2017,3630.699951
9/23/2017,3792.399902
9/24/2017,3682.840088
9/25/2017,3926.070068
9/26/2017,3892.350098
9/27/2017,4200.669922
9/28/2017,4174.72998
9/29/2017,4163.069824
9/30/2017,4338.709961
10/1/2017,4403.740234
10/2/2017,4409.319824
10/3/2017,4317.47998
10/4/2017,4229.359863
10/5/2017,4328.410156
10/6/2017,4370.810059
10/7/2017,4426.890137
10/8/2017,4610.47998
10/9/2017,4772.02002
10/10/2017,4781.990234
10/11/2017,4826.47998
10/12/2017,5446.910156
10/13/2017,5647.209961
10/14/2017,5831.790039
10/15/2017,5678.189941
10/16/2017,5725.589844
10/17/2017,5605.509766
10/18/2017,5590.689941
10/19/2017,5708.52002
10/20/2017,6011.450195
10/21/2017,6031.600098
10/22/2017,6008.419922
10/23/2017,5930.319824
10/24/2017,5526.640137
10/25/2017,5750.799805
10/26/2017,5904.830078
10/27/2017,5780.899902
10/28/2017,5753.089844
10/29/2017,6153.850098
10/30/2017,6130.529785
10/31/2017,6468.399902
11/1/2017,6767.310059
11/2/2017,7078.5
11/3/2017,7207.759766
11/4/2017,7379.950195
11/5/2017,7407.410156
11/6/2017,7022.759766
11/7/2017,7144.379883
11/8/2017,7459.689941
11/9/2017,7143.580078
11/10/2017,6618.140137
11/11/2017,6357.600098
11/12/2017,5950.069824
11/13/2017,6559.490234
11/14/2017,6635.75
11/15/2017,7315.540039
11/16/2017,7871.689941
11/17/2017,7708.990234
11/18/2017,7790.149902
11/19/2017,8036.490234
11/20/2017,8200.639648
11/21/2017,8071.259766
11/22/2017,8253.549805
11/23/2017,8038.77002
11/24/2017,8253.69043
11/25/2017,8790.919922
11/26/2017,9330.549805
11/27/2017,9818.349609
11/28/2017,10058.7998
11/29/2017,9888.610352
11/30/2017,10233.59961
12/1/2017,10975.59961
12/2/2017,11074.59961
12/3/2017,11323.2002
12/4/2017,11657.2002
12/5/2017,11916.7002
12/6/2017,14291.5
12/7/2017,17899.69922
12/8/2017,16569.40039
12/9/2017,15178.2002
12/10/2017,15455.40039
12/11/2017,16936.80078
12/12/2017,17415.40039
12/13/2017,16408.19922
12/14/2017,16564
12/15/2017,17706.90039
12/16/2017,19497.40039
12/17/2017,19140.80078
12/18/2017,19114.19922
12/19/2017,17776.69922
12/20/2017,16624.59961
12/21/2017,15802.90039
12/22/2017,13831.7998
12/23/2017,14699.2002
12/24/2017,13925.7998
12/25/2017,14026.59961
12/26/2017,16099.7998
12/27/2017,15838.5
12/28/2017,14606.5
12/29/2017,14656.2002
12/30/2017,12952.2002
12/31/2017,14156.40039
1/1/2018,13657.2002
1/2/2018,14982.09961
1/3/2018,15201
1/4/2018,15599.2002
1/5/2018,17429.5
1/6/2018,17527
1/7/2018,16477.59961
1/8/2018,15170.09961
1/9/2018,14595.40039
1/10/2018,14973.2998
1/11/2018,13405.7998
1/12/2018,13980.59961
1/13/2018,14360.2002
1/14/2018,13772
1/15/2018,13819.7998
1/16/2018,11490.5
1/17/2018,11188.59961
1/18/2018,11474.90039
1/19/2018,11607.40039
1/20/2018,12899.2002
1/21/2018,11600.09961
1/22/2018,10931.40039
1/23/2018,10868.40039
1/24/2018,11359.40039
1/25/2018,11259.40039
1/26/2018,11171.40039
1/27/2018,11440.7002
1/28/2018,11786.2998
1/29/2018,11296.40039
1/30/2018,10106.2998
1/31/2018,10221.09961
2/1/2018,9170.540039
2/2/2018,8830.75
2/3/2018,9174.910156
2/4/2018,8277.009766
2/5/2018,6955.27002
2/6/2018,7754
2/7/2018,7621.299805
2/8/2018,8265.589844
2/9/2018,8736.980469
2/10/2018,8621.900391
2/11/2018,8129.970215
2/12/2018,8926.570313
2/13/2018,8598.30957
2/14/2018,9494.629883
2/15/2018,10166.40039
2/16/2018,10233.90039
2/17/2018,11112.7002
2/18/2018,10551.7998
2/19/2018,11225.2998
2/20/2018,11403.7002
2/21/2018,10690.40039
2/22/2018,10005
2/23/2018,10301.09961
2/24/2018,9813.070313
2/25/2018,9664.730469
2/26/2018,10366.7002
2/27/2018,10725.59961
2/28/2018,10397.90039
3/1/2018,10951
3/2/2018,11086.40039
3/3/2018,11489.7002
3/4/2018,11512.59961
3/5/2018,11573.2998
3/6/2018,10779.90039
3/7/2018,9965.570313
3/8/2018,9395.009766
3/9/2018,9337.549805
3/10/2018,8866
3/11/2018,9578.629883
3/12/2018,9205.120117
3/13/2018,9194.849609
3/14/2018,8269.80957
3/15/2018,8300.860352
3/16/2018,8338.349609
3/17/2018,7916.879883
3/18/2018,8223.679688
3/19/2018,8630.650391
3/20/2018,8913.469727
3/21/2018,8929.280273
3/22/2018,8728.469727
3/23/2018,8879.620117
3/24/2018,8668.120117
3/25/2018,8495.780273
3/26/2018,8209.400391
3/27/2018,7833.040039
3/28/2018,7954.47998
3/29/2018,7165.700195
3/30/2018,6890.52002
3/31/2018,6973.529785
4/1/2018,6844.22998
4/2/2018,7083.799805
4/3/2018,7456.109863
4/4/2018,6853.839844
4/5/2018,6811.470215
4/6/2018,6636.319824
4/7/2018,6911.089844
4/8/2018,7023.52002
4/9/2018,6770.72998
4/10/2018,6834.759766
4/11/2018,6968.319824
4/12/2018,7889.25
4/13/2018,7895.959961
4/14/2018,7986.240234
4/15/2018,8329.110352
4/16/2018,8058.669922
4/17/2018,7902.089844
4/18/2018,8163.419922
4/19/2018,8294.30957
4/20/2018,8845.830078
4/21/2018,8895.580078
4/22/2018,8802.459961
4/23/2018,8930.879883
4/24/2018,9697.5
4/25/2018,8845.740234
4/26/2018,9281.509766
4/27/2018,8987.049805
4/28/2018,9348.480469
4/29/2018,9419.080078
4/30/2018,9240.549805
5/1/2018,9119.009766
5/2/2018,9235.919922
5/3/2018,9743.860352
5/4/2018,9700.759766
5/5/2018,9858.150391
5/6/2018,9654.799805
5/7/2018,9373.009766
5/8/2018,9234.820313
5/9/2018,9325.179688
5/10/2018,9043.94043
5/11/2018,8441.490234
5/12/2018,8504.889648
5/13/2018,8723.94043
5/14/2018,8716.790039
5/15/2018,8510.379883
5/16/2018,8368.830078
5/17/2018,8094.319824
5/18/2018,8250.969727
5/19/2018,8247.179688
5/20/2018,8513.25
5/21/2018,8418.990234
5/22/2018,8041.779785
5/23/2018,7557.819824
5/24/2018,7587.339844
5/25/2018,7480.140137
5/26/2018,7355.879883
5/27/2018,7368.220215
5/28/2018,7135.990234
5/29/2018,7472.589844
5/30/2018,7406.52002
5/31/2018,7494.169922
6/1/2018,7541.450195
6/2/2018,7643.450195
6/3/2018,7720.25
6/4/2018,7514.470215
6/5/2018,7633.759766
6/6/2018,7653.97998
6/7/2018,7678.240234
6/8/2018,7624.919922
6/9/2018,7531.97998
6/10/2018,6786.02002
6/11/2018,6906.919922
6/12/2018,6582.359863
6/13/2018,6349.899902
6/14/2018,6675.350098
6/15/2018,6456.580078
6/16/2018,6550.160156
6/17/2018,6499.27002
6/18/2018,6734.819824
6/19/2018,6769.939941
6/20/2018,6776.549805
6/21/2018,6729.740234
6/22/2018,6083.689941
6/23/2018,6162.47998
6/24/2018,6173.22998
6/25/2018,6249.180176
6/26/2018,6093.669922
6/27/2018,6157.129883
6/28/2018,5903.439941
6/29/2018,6218.299805
6/30/2018,6404
7/1/2018,6385.819824
7/2/2018,6614.180176
7/3/2018,6529.589844
7/4/2018,6597.549805
7/5/2018,6639.140137
7/6/2018,6673.5
7/7/2018,6856.930176
7/8/2018,6773.879883
7/9/2018,6741.75
7/10/2018,6329.950195
7/11/2018,6394.709961
7/12/2018,6228.810059
7/13/2018,6238.049805
7/14/2018,6276.120117
7/15/2018,6359.640137
7/16/2018,6741.75
7/17/2018,7321.040039
7/18/2018,7370.779785
7/19/2018,7466.859863
7/20/2018,7354.129883
7/21/2018,7419.290039
7/22/2018,7418.490234
7/23/2018,7711.109863
7/24/2018,8424.269531
7/25/2018,8181.390137
7/26/2018,7951.580078
7/27/2018,8165.009766
7/28/2018,8192.150391
7/29/2018,8218.459961
7/30/2018,8180.48
7/31/2018,7780.44
8/1/2018,7624.91
8/2/2018,7567.15
8/3/2018,7434.39
8/4/2018,7032.85
8/5/2018,7068.48
8/6/2018,6951.8
8/7/2018,6753.12
8/8/2018,6305.8
8/9/2018,6568.23
8/10/2018,6184.71
8/11/2018,6295.73
8/12/2018,6322.69
8/13/2018,6297.57
8/14/2018,6199.71
8/15/2018,6308.52
8/16/2018,6334.73
8/17/2018,6580.63
8/18/2018,6423.76
8/19/2018,6506.07
8/20/2018,6308.53
8/21/2018,6488.76
8/22/2018,6376.71
8/23/2018,6534.88
8/24/2018,6719.96
8/25/2018,6763.19
8/26/2018,6707.26
8/27/2018,6884.64
8/28/2018,7096.28
8/29/2018,7047.16
8/30/2018,6978.23
8/31/2018,7037.58
9/1/2018,7193.25
9/2/2018,7272.72
9/3/2018,7260.06
9/4/2018,7361.66
9/5/2018,6792.83
9/6/2018,6529.17
9/7/2018,6467.07
9/8/2018,6225.98
9/9/2018,6300.86
9/10/2018,6329.7
9/11/2018,6321.2
9/12/2018,6351.8
9/13/2018,6517.31
9/14/2018,6512.71
9/15/2018,6543.2
9/16/2018,6517.18
9/17/2018,6281.2
9/18/2018,6371.3
9/19/2018,6398.54
9/20/2018,6519.67
9/21/2018,6734.95
9/22/2018,6721.98
9/23/2018,6710.63
9/24/2018,6595.41
9/25/2018,6446.47
9/26/2018,6495
9/27/2018,6676.75
9/28/2018,6644.13
9/29/2018,6601.96
9/30/2018,6625.56
10/1/2018,6589.62
10/2/2018,6556.1
10/3/2018,6502.59
10/4/2018,6576.69
10/5/2018,6622.48
10/6/2018,6588.31
10/7/2018,6602.95
10/8/2018,6652.23
10/9/2018,6642.64
10/10/2018,6585.53
10/11/2018,6256.24
10/12/2018,6274.58
10/13/2018,6285.99
10/14/2018,6290.93
10/15/2018,6596.54
10/16/2018,6596.11
10/17/2018,6544.43
10/18/2018,6476.71
10/19/2018,6465.41
10/20/2018,6489.19
10/21/2018,6482.35
10/22/2018,6487.16
10/23/2018,6475.74
10/24/2018,6495.84
10/25/2018,6476.29
10/26/2018,6474.75
10/27/2018,6480.38
10/28/2018,6486.39
10/29/2018,6332.63
10/30/2018,6334.27
10/31/2018,6317.61
11/1/2018,6377.78
11/2/2018,6388.44
11/3/2018,6361.26
11/4/2018,6376.13
11/5/2018,6419.66
11/6/2018,6461.01
11/7/2018,6530.14
11/8/2018,6453.72
11/9/2018,6385.62
11/10/2018,6409.22
11/11/2018,6411.27
11/12/2018,6371.27
11/13/2018,6359.49
11/14/2018,5738.35
11/15/2018,5648.03
11/16/2018,5575.55
11/17/2018,5554.33
11/18/2018,5623.54
11/19/2018,4871.49
11/20/2018,4451.87
11/21/2018,4602.17
11/22/2018,4365.94
11/23/2018,4347.11
11/24/2018,3880.76
11/25/2018,4009.97
11/26/2018,3779.13
11/27/2018,3820.72
11/28/2018,4257.42
11/29/2018,4278.846455
11/30/2018,4017.268457
12/1/2018,4214.671932
12/2/2018,4139.878064
12/3/2018,3894.130907
12/4/2018,3956.89387
12/5/2018,3753.994827
12/6/2018,3521.101724
12/7/2018,3419.9372
12/8/2018,3476.114715
12/9/2018,3614.234273
12/10/2018,3502.655996
12/11/2018,3424.588075
12/12/2018,3486.950144
12/13/2018,3313.677258
12/14/2018,3242.484763
12/15/2018,3236.761645
12/16/2018,3252.839026
12/17/2018,3545.864761
12/18/2018,3696.059128
12/19/2018,3745.950765
12/20/2018,4134.441203
12/21/2018,3896.543717
12/22/2018,4014.182514
12/23/2018,3998.980342
12/24/2018,4078.599195
12/25/2018,3815.49061
12/26/2018,3857.29752
12/27/2018,3654.833539
12/28/2018,3923.918594
12/29/2018,3820.408682
12/30/2018,3865.952577
12/31/2018,3742.700335
1/1/2019,3843.519967
1/2/2019,3943.409337
1/3/2019,3836.741319
1/4/2019,3857.717619
1/5/2019,3845.19446
1/6/2019,4076.632685
1/7/2019,4025.248287
1/8/2019,4030.847999
1/9/2019,4035.296369
1/10/2019,3678.924681
1/11/2019,3687.365482
1/12/2019,3661.30099
1/13/2019,3552.953068
1/14/2019,3706.05222
1/15/2019,3630.675225
1/16/2019,3655.006886
1/17/2019,3678.563976
1/18/2019,3657.839435
1/19/2019,3728.568365
1/20/2019,3601.013592
1/21/2019,3576.032439
1/22/2019,3604.577052
1/23/2019,3585.123066
1/24/2019,3600.865501
1/25/2019,3599.765888
1/26/2019,3602.460439
1/27/2019,3583.965763
1/28/2019,3470.450542
1/29/2019,3448.117022
1/30/2019,3486.181751
1/31/2019,3457.792747
2/1/2019,3487.945387
2/2/2019,3521.060787
2/3/2019,3464.013326
2/4/2019,3459.154146
2/5/2019,3466.357439
2/6/2019,3413.767718
2/7/2019,3399.471644
2/8/2019,3666.780351
2/9/2019,3671.203705
2/10/2019,3690.188244
2/11/2019,3648.430628
2/12/2019,3653.528645
2/13/2019,3632.070603
2/14/2019,3616.88097
2/15/2019,3620.810753
2/16/2019,3629.787491
2/17/2019,3673.836293
2/18/2019,3915.714473
2/19/2019,3947.094407
2/20/2019,3999.820509
2/21/2019,3954.118243
2/22/2019,4005.526604
2/23/2019,4142.52693
2/24/2019,3810.427431
2/25/2019,3882.696293
2/26/2019,3854.357936
2/27/2019,3851.04748
2/28/2019,3854.785282
3/1/2019,3859.583752
3/2/2019,3864.415107
3/3/2019,3847.175699
3/4/2019,3761.557018
3/5/2019,3896.375023
3/6/2019,3903.942583
3/7/2019,3911.484289
3/8/2019,3901.131624
3/9/2019,3963.313742
3/10/2019,3951.599828
3/11/2019,3905.22732
3/12/2019,3909.156209
3/13/2019,3906.717169
3/14/2019,3924.369118
3/15/2019,3960.911187
3/16/2019,4048.725904
3/17/2019,4025.22898
3/18/2019,4032.507385
3/19/2019,4071.1902
3/20/2019,4087.476299
3/21/2019,4029.326907
3/22/2019,4023.968162
3/23/2019,4035.826351
3/24/2019,4022.168282
3/25/2019,3963.070654
3/26/2019,3985.080803
3/27/2019,4087.06623
3/28/2019,4069.10715
3/29/2019,4098.374541
3/30/2019,4106.660085
3/31/2019,4105.404296
4/1/2019,4158.18307
4/2/2019,4879.877828
4/3/2019,4973.021815
4/4/2019,4922.798788
4/5/2019,5036.6811
4/6/2019,5059.817188
4/7/2019,5198.89699
4/8/2019,5289.77104
4/9/2019,5204.958378
4/10/2019,5324.551869
4/11/2019,5064.487672
4/12/2019,5089.538912
4/13/2019,5096.586563
4/14/2019,5167.722367
4/15/2019,5067.108472
4/16/2019,5235.559419
4/17/2019,5251.938189
4/18/2019,5298.385699
4/19/2019,5303.812616
4/20/2019,5337.886132
4/21/2019,5314.531453
4/22/2019,5399.36541
4/23/2019,5572.362061
4/24/2019,5464.866642
4/25/2019,5210.515559
4/26/2019,5279.348211
4/27/2019,5268.291063
4/28/2019,5285.139008
4/29/2019,5247.352537
4/30/2019,5350.726697
5/1/2019,5402.697091
5/2/2019,5505.283672
5/3/2019,5768.289407
5/4/2019,5831.167472
5/5/2019,5795.708429
5/6/2019,5746.807003
5/7/2019,5829.501516
5/8/2019,5982.457323
5/9/2019,6174.528689
5/10/2019,6378.848974
5/11/2019,7204.771697
5/12/2019,6972.371523
5/13/2019,7814.91514
5/14/2019,7994.416156
5/15/2019,8205.167495
5/16/2019,7884.909291
5/17/2019,7343.895717
5/18/2019,7271.207904
5/19/2019,8197.689691
5/20/2019,7978.309072
5/21/2019,7963.327779
5/22/2019,7680.066546
5/23/2019,7881.846721
5/24/2019,7987.371566
5/25/2019,8052.543859
5/26/2019,8673.216035
5/27/2019,8805.778377
5/28/2019,8719.961736
5/29/2019,8659.487756
5/30/2019,8319.472229
5/31/2019,8574.501649
6/1/2019,8564.016472
6/2/2019,8742.9581
6/3/2019,8208.99483
6/4/2019,7707.770771
6/5/2019,7824.231539
6/6/2019,7822.023382
6/7/2019,8043.951358
6/8/2019,7954.127724
6/9/2019,7688.077111
6/10/2019,8000.329823
6/11/2019,7927.714351
6/12/2019,8145.857474
6/13/2019,8230.923831
6/14/2019,8693.832815
6/15/2019,8838.375234
6/16/2019,8994.488013
6/17/2019,9320.352183
6/18/2019,9081.762851
6/19/2019,9273.521766
6/20/2019,9527.16035
6/21/2019,10144.55672
6/22/2019,10701.69101
6/23/2019,10855.37102
6/24/2019,11011.10245
6/25/2019,11790.91653
6/26/2019,13016.23174
6/27/2019,11182.80629
6/28/2019,12407.332
6/29/2019,11959.37098
6/30/2019,10817.1556
7/1/2019,10583.13452
7/2/2019,10801.67792
7/3/2019,11961.26934
7/4/2019,11215.43755
7/5/2019,10978.45995
7/6/2019,11208.55085
7/7/2019,11450.84676
7/8/2019,12285.95822
7/9/2019,12573.81294
7/10/2019,12156.51263
7/11/2019,11358.66175
7/12/2019,11815.98669
7/13/2019,11392.37934
7/14/2019,10256.05828
7/15/2019,10895.08939
7/16/2019,9477.642042
7/17/2019,9693.802724
7/18/2019,10666.48285
7/19/2019,10530.73263
7/20/2019,10767.13952
7/21/2019,10599.1054
7/22/2019,10343.10617
7/23/2019,9900.768011
7/24/2019,9811.926188
7/25/2019,9911.842265
7/26/2019,9870.303538
7/27/2019,9477.677678
7/28/2019,9552.860435
7/29/2019,9519.145914
7/30/2019,9607.423687
7/31/2019,10085.62775
8/1/2019,10399.66942
8/2/2019,10518.17468
8/3/2019,10821.72651
8/4/2019,10970.18422
8/5/2019,11805.65373
8/6/2019,11478.16935
8/7/2019,11941.96834
8/8/2019,11966.40741
8/9/2019,11862.93676
8/10/2019,11354.02422
8/11/2019,11523.57938
8/12/2019,11382.61596
8/13/2019,10895.83044
8/14/2019,10051.70393
8/15/2019,10311.54543
8/16/2019,10374.33935
8/17/2019,10231.74385
8/18/2019,10345.81038
8/19/2019,10916.05387
8/20/2019,10763.23263
8/21/2019,10138.04936
8/22/2019,10131.0561
8/23/2019,10407.96533
8/24/2019,10159.96054
8/25/2019,10138.51767
8/26/2019,10370.82016
8/27/2019,10185.4999
8/28/2019,9754.423273
8/29/2019,9510.200544
8/30/2019,9598.173648
8/31/2019,9630.663848
9/1/2019,9757.970318
9/2/2019,10346.76079
9/3/2019,10623.54012
9/4/2019,10594.49335
9/5/2019,10575.53328
9/6/2019,10353.30256
9/7/2019,10517.25478
9/8/2019,10441.27598
9/9/2019,10334.97416
9/10/2019,10115.97579
9/11/2019,10178.37189
9/12/2019,10410.1268
9/13/2019,10360.54728
9/14/2019,10358.04916
9/15/2019,10347.71291
9/16/2019,10276.79356
9/17/2019,10241.27215
9/18/2019,10198.24841
9/19/2019,10266.41497
9/20/2019,10181.64131
9/21/2019,10019.71691
9/22/2019,10070.39211
9/23/2019,9729.323764
9/24/2019,8620.566427
9/25/2019,8486.992972
9/26/2019,8118.967568
9/27/2019,8251.845557
9/28/2019,8245.915155
9/29/2019,8104.185676
9/30/2019,8293.867741
10/1/2019,8343.276681
10/2/2019,8393.041645
10/3/2019,8259.991979
10/4/2019,8205.939241
10/5/2019,8151.500529
10/6/2019,7988.155959
10/7/2019,8245.622933
10/8/2019,8228.783153
10/9/2019,8595.739817
10/10/2019,8586.473425
10/11/2019,8321.756712
10/12/2019,8336.555274
10/13/2019,8321.005747
10/14/2019,8374.686447
10/15/2019,8205.369316
10/16/2019,8047.526863
10/17/2019,8103.911373
10/18/2019,7973.207446
10/19/2019,7988.560442
10/20/2019,8222.07826
10/21/2019,8243.721139
10/22/2019,8078.203322
10/23/2019,7514.672013
10/24/2019,7493.488732
10/25/2019,8660.700637
10/26/2019,9244.972209
10/27/2019,9551.714963
10/28/2019,9256.148389
10/29/2019,9427.687584
10/30/2019,9205.726559
10/31/2019,9199.584833
11/1/2019,9261.104352
11/2/2019,9324.717763
11/3/2019,9235.354879
11/4/2019,9412.611871
11/5/2019,9342.527179
11/6/2019,9360.879912
11/7/2019,9267.561143
11/8/2019,8804.880719
11/9/2019,8813.582487
11/10/2019,9055.526057
11/11/2019,8757.788542
11/12/2019,8815.662539
11/13/2019,8808.262582
11/14/2019,8708.095095
11/15/2019,8491.992012
11/16/2019,8550.760557
11/17/2019,8577.975782
11/18/2019,8309.285983
11/19/2019,8206.145918
11/20/2019,8027.268243
11/21/2019,7642.749945
11/22/2019,7296.577568
11/23/2019,7397.796815
11/24/2019,7047.916882
11/25/2019,7146.133902
11/26/2019,7218.371334
11/27/2019,7531.663645
11/28/2019,7463.106128
11/29/2019,7761.243602
11/30/2019,7569.630122
12/1/2019,7424.292265
12/2/2019,7321.988112
12/3/2019,7320.145468
12/4/2019,7252.034586
12/5/2019,7448.307521
12/6/2019,7546.996698
12/7/2019,7556.238034
12/8/2019,7564.345403
12/9/2019,7400.899356
12/10/2019,7278.119783
12/11/2019,7217.427115
12/12/2019,7243.134363
12/13/2019,7269.684559
12/14/2019,7124.67397
12/15/2019,7152.301844
12/16/2019,6932.48039
12/17/2019,6640.515246
12/18/2019,7276.80277
12/19/2019,7202.844364
12/20/2019,7218.816387
12/21/2019,7191.158469
12/22/2019,7511.589042
12/23/2019,7355.628267
12/24/2019,7322.532459
12/25/2019,7275.155728
12/26/2019,7238.967025
12/27/2019,7290.088518
12/28/2019,7317.990034
12/29/2019,7422.652589
12/30/2019,7292.995078
12/31/2019,7193.598978
1/1/2020,7200.174393
1/2/2020,6985.470001
1/3/2020,7344.884183
1/4/2020,7410.656566
1/5/2020,7411.317327
1/6/2020,7769.219039
1/7/2020,8163.692239
1/8/2020,8079.862777
1/9/2020,7879.071524
1/10/2020,8166.55414
1/11/2020,8037.537389
1/12/2020,8192.494005
1/13/2020,8144.194517
1/14/2020,8827.764426
1/15/2020,8807.010275
1/16/2020,8723.785766
1/17/2020,8929.037678
1/18/2020,8942.808903
1/19/2020,8706.24513
1/20/2020,8657.642939
1/21/2020,8745.894788
1/22/2020,8680.876042
1/23/2020,8406.516068
1/24/2020,8445.434282
1/25/2020,8367.847773
1/26/2020,8596.829833
1/27/2020,8909.819178
1/28/2020,9358.590317
1/29/2020,9316.629504
1/30/2020,9508.993595
1/31/2020,9350.529365
2/1/2020,9392.875368
2/2/2020,9344.365293
2/3/2020,9293.521089
2/4/2020,9180.962967
2/5/2020,9613.424289
2/6/2020,9729.802231
2/7/2020,9795.943773
2/8/2020,9865.119469
2/9/2020,10116.67376
2/10/2020,9856.611494
2/11/2020,10208.23626
2/12/2020,10326.05452
2/13/2020,10214.37946
2/14/2020,10312.11609
2/15/2020,9889.424628
2/16/2020,9934.43339
2/17/2020,9690.142618
2/18/2020,10141.99637
2/19/2020,9633.386885
2/20/2020,9608.475903
2/21/2020,9686.441198
2/22/2020,9663.181829
2/23/2020,9924.515228
2/24/2020,9650.174807
2/25/2020,9341.705169
2/26/2020,8820.5222
2/27/2020,8784.493849
2/28/2020,8672.45535
2/29/2020,8599.50862
3/1/2020,8562.45405
3/2/2020,8869.670311
3/3/2020,8787.786456
3/4/2020,8755.245895
3/5/2020,9078.762792
3/6/2020,9122.545573
3/7/2020,8909.953652
3/8/2020,8108.116291
3/9/2020,7923.644703
3/10/2020,7909.729393
3/11/2020,7911.430129
3/12/2020,4970.787901
3/13/2020,5563.706892
3/14/2020,5200.366264
3/15/2020,5392.31488
3/16/2020,5014.479977
3/17/2020,5225.629193
3/18/2020,5238.438577
3/19/2020,6191.192952
3/20/2020,6198.778205
3/21/2020,6185.066515
3/22/2020,5830.254798
3/23/2020,6416.314758
3/24/2020,6734.80378
3/25/2020,6681.063127
3/26/2020,6716.440549
3/27/2020,6469.798135
3/28/2020,6242.193868
3/29/2020,5922.043123
3/30/2020,6429.841934
3/31/2020,6438.644766
4/1/2020,6606.776268
4/2/2020,6793.624596
4/3/2020,6733.387391
4/4/2020,6867.527316
4/5/2020,6791.129441
4/6/2020,7271.781153
4/7/2020,7176.4145
4/8/2020,7334.098453
4/9/2020,7302.089511
4/10/2020,6865.493372
4/11/2020,6859.082963
4/12/2020,6971.091591
4/13/2020,6845.037697
4/14/2020,6842.427861
4/15/2020,6642.109893
4/16/2020,7116.804218
4/17/2020,7096.184659
4/18/2020,7257.664858
4/19/2020,7189.424824
4/20/2020,6881.958693
4/21/2020,6880.323474
4/22/2020,7117.207479
4/23/2020,7429.724649
4/24/2020,7550.901027
4/25/2020,7569.936034
4/26/2020,7679.867204
4/27/2020,7795.600835
4/28/2020,7807.058451
4/29/2020,8801.037767
4/30/2020,8658.55418
5/1/2020,8864.766808
5/2/2020,8988.596207
5/3/2020,8897.46851
5/4/2020,8912.654605
5/5/2020,9003.070178
5/6/2020,9268.762081
5/7/2020,9951.518745
5/8/2020,9842.666368
5/9/2020,9593.896734
5/10/2020,8756.431142
5/11/2020,8601.796202
5/12/2020,8804.477811
5/13/2020,9269.987706
5/14/2020,9733.721471
5/15/2020,9328.197226
5/16/2020,9377.014026
5/17/2020,9670.739371
5/18/2020,9726.574815
5/19/2020,9729.037919
5/20/2020,9522.981157
5/21/2020,9081.762023
5/22/2020,9182.577518
5/23/2020,9209.287428
5/24/2020,8790.368001
5/25/2020,8906.934761
5/26/2020,8835.053061
5/27/2020,9181.017948
5/28/2020,9525.751095
5/29/2020,9439.12439
5/30/2020,9700.414072
5/31/2020,9461.058918
6/1/2020,10167.2681
6/2/2020,9529.804149
6/3/2020,9656.717765
6/4/2020,9800.636595
6/5/2020,9665.532789
6/6/2020,9653.679263
6/7/2020,9758.852417
6/8/2020,9771.489484
6/9/2020,9795.700195
6/10/2020,9870.094453
6/11/2020,9321.781298
6/12/2020,9480.843789
6/13/2020,9475.277338
6/14/2020,9386.787892
6/15/2020,9450.701987
6/16/2020,9538.024374
6/17/2020,9480.255366
6/18/2020,9411.840462
6/19/2020,9288.018716
6/20/2020,9332.340762
6/21/2020,9303.629714
6/22/2020,9648.71761
6/23/2020,9629.658366
6/24/2020,9313.610349
6/25/2020,9264.813043
6/26/2020,9162.917604
6/27/2020,9045.390957
6/28/2020,9143.582191
6/29/2020,9190.854465
6/30/2020,9137.9934
7/1/2020,9228.32559
7/2/2020,9123.410154
7/3/2020,9087.303911
7/4/2020,9132.487951
7/5/2020,9073.942869
7/6/2020,9375.474759
7/7/2020,9252.277504
7/8/2020,9428.333085
7/9/2020,9277.967906
7/10/2020,9278.807867
7/11/2020,9240.346327
7/12/2020,9276.49985
7/13/2020,9243.613855
7/14/2020,9243.213416
7/15/2020,9192.837368
7/16/2020,9132.227863
7/17/2020,9151.39224
7/18/2020,9159.039905
7/19/2020,9185.816912
7/20/2020,9164.231365
7/21/2020,9374.887528
7/22/2020,9525.36345
7/23/2020,9581.072011
7/24/2020,9536.892686
7/25/2020,9677.113497
7/26/2020,9905.167247
7/27/2020,10990.8734
7/28/2020,10912.82305
7/29/2020,11100.46813
7/30/2020,11111.21429
7/31/2020,11323.46642
8/1/2020,11759.59277
8/2/2020,11053.6139
8/3/2020,11246.34877
8/4/2020,11205.89292
8/5/2020,11747.02283
8/6/2020,11779.77326
8/7/2020,11601.47271
8/8/2020,11754.04581
8/9/2020,11675.73934
8/10/2020,11878.11133
8/11/2020,11410.52568
8/12/2020,11584.93458
8/13/2020,11784.13739
8/14/2020,11768.87062
8/15/2020,11865.69857
8/16/2020,11892.80406
8/17/2020,12254.40191
8/18/2020,11991.23325
8/19/2020,11758.28359
8/20/2020,11878.37162
8/21/2020,11592.48904
8/22/2020,11681.82556
8/23/2020,11664.84799
8/24/2020,11774.59584
8/25/2020,11366.13508
8/26/2020,11488.36349
8/27/2020,11323.39703
8/28/2020,11542.49973
8/29/2020,11506.86532
8/30/2020,11711.50616
8/31/2020,11680.82049
9/1/2020,11970.47874
9/2/2020,11414.03373
9/3/2020,10245.29669
9/4/2020,10511.81388
9/5/2020,10169.56722
9/6/2020,10280.3517
9/7/2020,10369.56374
9/8/2020,10131.51665
9/9/2020,10242.34778
9/10/2020,10363.13904
9/11/2020,10400.91469
9/12/2020,10442.1706
9/13/2020,10323.7558
9/14/2020,10680.83743
9/15/2020,10796.95099
9/16/2020,10974.90489
9/17/2020,10948.98992
9/18/2020,10944.5858
9/19/2020,11094.34628
9/20/2020,10938.27129
9/21/2020,10462.25962
9/22/2020,10538.46032
9/23/2020,10246.18649
9/24/2020,10760.06626
9/25/2020,10692.71721
9/26/2020,10750.72358
9/27/2020,10775.26938
9/28/2020,10709.65218
9/29/2020,10844.64098
9/30/2020,10784.49158
10/1/2020,10619.45191
10/2/2020,10575.97504
10/3/2020,10549.3289
10/4/2020,10669.58254
10/5/2020,10793.33943
10/6/2020,10604.40589
10/7/2020,10668.96896
10/8/2020,10915.68573
10/9/2020,11064.45759
10/10/2020,11296.36143
10/11/2020,11384.18195
10/12/2020,11555.36289
10/13/2020,11425.8994
10/14/2020,11429.50689
10/15/2020,11495.34965
10/16/2020,11322.12269
10/17/2020,11358.10157
10/18/2020,11483.35971
10/19/2020,11742.03715
10/20/2020,11916.33514
10/21/2020,12823.68919
10/22/2020,12965.89129
10/23/2020,12931.53902
10/24/2020,13108.06261
10/25/2020,13031.17431
10/26/2020,13075.2477
10/27/2020,13654.21844
10/28/2020,13271.28537
10/29/2020,13437.88324
10/30/2020,13546.52227
10/31/2020,13780.9947
11/1/2020,13737.10983
11/2/2020,13550.48938
11/3/2020,13950.30085
11/4/2020,14133.70715
11/5/2020,15579.84846
11/6/2020,15565.88058
11/7/2020,14833.75411
11/8/2020,15479.56704
11/9/2020,15332.3156
11/10/2020,15290.90268
11/11/2020,15701.33973
11/12/2020,16276.34395
11/13/2020,16317.80819
11/14/2020,16068.13871
11/15/2020,15955.58744
11/16/2020,16716.11132
11/17/2020,17645.40577
11/18/2020,17804.00563
11/19/2020,17817.09025
11/20/2020,18621.31437
11/21/2020,18642.23277
11/22/2020,18370.00252
11/23/2020,18364.12159
11/24/2020,19107.46445
11/25/2020,18732.12078
11/26/2020,17150.62358
11/27/2020,17108.40173
11/28/2020,17717.41501
11/29/2020,18177.48342
11/30/2020,19625.83503
12/1/2020,18802.9983
12/2/2020,19201.09116
12/3/2020,19445.39848
12/4/2020,18699.76561
12/5/2020,19154.23113
12/6/2020,19345.12096
12/7/2020,19191.63129
12/8/2020,18321.14492
12/9/2020,18553.91538
12/10/2020,18264.99211
12/11/2020,18058.90335
12/12/2020,18803.65687
12/13/2020,19142.38253
12/14/2020,19246.64434
12/15/2020,19417.07603
12/16/2020,21310.59813
12/17/2020,22805.16149
12/18/2020,23137.96056
12/19/2020,23869.83196
12/20/2020,23477.2952
12/21/2020,22803.08141
12/22/2020,23783.0285
12/23/2020,23241.34487
12/24/2020,23735.94973
12/25/2020,24664.79027
12/26/2020,26437.03751
12/27/2020,26272.29457
12/28/2020,27084.80789
12/29/2020,27362.43656
12/30/2020,28840.95342
12/31/2020,29001.71982
1/1/2021,29374.15189
1/2/2021,32127.26794
1/3/2021,32782.02447
1/4/2021,31971.91352
1/5/2021,33992.42934
1/6/2021,36824.36441
1/7/2021,39371.04235
1/8/2021,40797.61072
1/9/2021,40254.5465
1/10/2021,38356.43951
1/11/2021,35566.65594
1/12/2021,33922.96058
1/13/2021,37316.3594
1/14/2021,39187.32812
1/15/2021,36825.36585
1/16/2021,36178.1389
1/17/2021,35791.27792
1/18/2021,36630.07568
1/19/2021,36069.80639
1/20/2021,35547.75089
1/21/2021,30825.69851
1/22/2021,33005.76356
1/23/2021,32067.64288
1/24/2021,32289.37809
1/25/2021,32366.39305
1/26/2021,32569.84956
1/27/2021,30432.54708
1/28/2021,33466.09636
1/29/2021,34316.38765
1/30/2021,34269.52154
1/31/2021,33114.35775
2/1/2021,33537.17682
2/2/2021,35510.28904
2/3/2021,37472.0901
2/4/2021,36926.06447
2/5/2021,38144.30686
2/6/2021,39266.01073
2/7/2021,38903.44148
2/8/2021,46196.46372
2/9/2021,46481.10424
2/10/2021,44918.18449
2/11/2021,47909.33119
2/12/2021,47504.85118
2/13/2021,47105.51747
2/14/2021,48717.29021
2/15/2021,47945.05683
2/16/2021,49199.87134
2/17/2021,52149.00754
2/18/2021,51679.79669
2/19/2021,55888.13368
2/20/2021,56099.52051
2/21/2021,57539.94367
2/22/2021,54207.31907
2/23/2021,48824.42687
2/24/2021,49705.33332
2/25/2021,47093.85302
2/26/2021,46339.76008
2/27/2021,46188.45128
2/28/2021,45137.77047
3/1/2021,49631.24137
3/2/2021,48378.98805
3/3/2021,50538.24341
3/4/2021,48561.16615
3/5/2021,48927.30455
3/6/2021,48912.38173
3/7/2021,51206.69295
3/8/2021,52246.52231
3/9/2021,54824.11781
3/10/2021,56008.5494
3/11/2021,57805.12302
3/12/2021,57332.08896
3/13/2021,61243.08477
3/14/2021,59302.31698
3/15/2021,55907.20023
3/16/2021,56804.90123
3/17/2021,58870.89333
3/18/2021,57858.92071
3/19/2021,58346.65297
3/20/2021,58313.64261
3/21/2021,57523.42099
3/22/2021,54529.14561
3/23/2021,54738.94493
3/24/2021,52774.26369
3/25/2021,51704.16193
3/26/2021,55137.31373
3/27/2021,55973.51084
3/28/2021,55950.74577
3/29/2021,57750.19987
3/30/2021,58917.69305
3/31/2021,58918.83271
4/1/2021,59095.80798
4/2/2021,59384.31336
4/3/2021,57603.88917
4/4/2021,58758.55629
4/5/2021,59057.87897
4/6/2021,58192.35868
4/7/2021,56048.93781
4/8/2021,58323.95358
4/9/2021,58245.003
4/10/2021,59793.23541
4/11/2021,60204.96491
4/12/2021,59893.45189
4/13/2021,63503.45793
4/14/2021,63109.69593
4/15/2021,63314.01085
4/16/2021,61572.7896
4/17/2021,60683.82123
4/18/2021,56216.185
4/19/2021,55724.2671
4/20/2021,56473.03228
4/21/2021,53906.08805
4/22/2021,51762.27205
4/23/2021,51093.65071
4/24/2021,50050.86822
4/25/2021,49004.25326
4/26/2021,54021.75479
4/27/2021,55033.11801
4/28/2021,54824.7049
4/29/2021,53555.10849
4/30/2021,57750.17735
5/1/2021,57828.05063
5/2/2021,56631.07741
5/3/2021,57200.29122
5/4/2021,53333.53775
5/5/2021,57424.00595
5/6/2021,56396.51416
5/7/2021,57356.40188
5/8/2021,58803.77581
5/9/2021,58232.31614
5/10/2021,55859.79754
5/11/2021,56704.57306
5/12/2021,49150.53388
5/13/2021,49716.1916
5/14/2021,49880.53342
5/15/2021,46760.18656
5/16/2021,46456.05847
5/17/2021,43537.51139
5/18/2021,42909.40093
5/19/2021,37002.44047
5/20/2021,40782.73826
5/21/2021,37304.69067
5/22/2021,37536.63111
5/23/2021,34770.58362
5/24/2021,38705.97864
5/25/2021,38402.22385
5/26/2021,39294.19738
5/27/2021,38436.96854
5/28/2021,35697.60639
5/29/2021,34616.068
5/30/2021,35678.1292
5/31/2021,37332.85369
6/1/2021,36684.92452
6/2/2021,37575.17958
6/3/2021,39208.76599
6/4/2021,36894.40533
6/5/2021,35551.95873
6/6/2021,35862.37773
6/7/2021,33560.70784
6/8/2021,33472.63175
6/9/2021,37345.12149
6/10/2021,36702.59937
6/11/2021,37334.39953
6/12/2021,35552.51715
6/13/2021,39097.8609
6/14/2021,40218.47786
6/15/2021,40406.26899
6/16/2021,38347.06323
6/17/2021,38053.50417
6/18/2021,35787.24478
6/19/2021,35615.86927
6/20/2021,35698.29644
6/21/2021,31676.69373
6/22/2021,32505.65982
6/23/2021,33723.02898
6/24/2021,34662.43589
6/25/2021,31637.78006
6/26/2021,32186.27767
6/27/2021,34649.64459
6/28/2021,34434.33531
6/29/2021,35867.77774
6/30/2021,35040.83725
7/1/2021,33572.11765
7/2/2021,33897.04859
7/3/2021,34668.5484
7/4/2021,35287.77977
7/5/2021,33746.00246
7/6/2021,34235.19345
7/7/2021,33855.32689
7/8/2021,32877.37263
7/9/2021,33798.01021
7/10/2021,33520.51995
7/11/2021,34240.18701
7/12/2021,33155.84813
7/13/2021,32702.02592
7/14/2021,32822.34874
7/15/2021,31780.73137
7/16/2021,31421.53845
7/17/2021,31533.06753
7/18/2021,31796.81014
7/19/2021,30817.83166
7/20/2021,29807.34767
7/21/2021,32110.69326
7/22/2021,32313.10632
7/23/2021,33581.55061
7/24/2021,34292.44591
7/25/2021,35350.18697
7/26/2021,37337.53331
7/27/2021,39406.94098
7/28/2021,39995.90647
7/29/2021,40008.42085
7/30/2021,42235.54771
7/31/2021,41626.19568
8/1/2021,39974.89603
8/2/2021,39201.94519
8/3/2021,38152.98209
8/4/2021,39747.50502
8/5/2021,40869.55433
8/6/2021,42816.49897
8/7/2021,44555.80066
8/8/2021,43798.11768
8/9/2021,46365.40065
8/10/2021,45585.03077
8/11/2021,45593.63593
8/12/2021,44428.28847
8/13/2021,47793.32118
8/14/2021,47096.94566
8/15/2021,47047.00454
8/16/2021,46004.48408
8/17/2021,44695.35762
8/18/2021,44801.18872
8/19/2021,46717.57875
8/20/2021,49339.17604
8/21/2021,48905.49059
8/22/2021,49321.65405
8/23/2021,49546.14771
8/24/2021,47706.11855
8/25/2021,48960.78728
8/26/2021,46942.21787
8/27/2021,49058.66973
8/28/2021,48902.40221
8/29/2021,48829.8326
8/30/2021,47054.98479
8/31/2021,47166.68795
9/1/2021,48847.02907
9/2/2021,49327.72318
9/3/2021,50025.37461
9/4/2021,49944.62691
9/5/2021,51753.41193
9/6/2021,52633.5362
9/7/2021,46811.12953
9/8/2021,46091.3893
9/9/2021,46391.42298
9/10/2021,44883.91011
9/11/2021,45201.45898
9/12/2021,46063.27036
9/13/2021,44963.07263
9/14/2021,47092.49383
9/15/2021,48176.34639
9/16/2021,47783.3578
9/17/2021,47267.52002
9/18/2021,48278.36352
9/19/2021,47260.21733
9/20/2021,42843.80244
9/21/2021,40693.67719
9/22/2021,43574.50943
9/23/2021,44895.0966
9/24/2021,42839.7517
9/25/2021,42716.59315
9/26/2021,43208.5391
9/27/2021,42235.73185
9/28/2021,41034.54467
9/29/2021,41564.36348
9/30/2021,43790.89563
10/1/2021,48116.94122
10/2/2021,47711.48646
10/3/2021,48199.95156
10/4/2021,49112.90128
10/5/2021,51514.81406
10/6/2021,55361.44943
10/7/2021,53805.98516
10/8/2021,53967.84677
10/9/2021,54968.22445
10/10/2021,54771.57918
10/11/2021,57484.78947
10/12/2021,56041.05684
10/13/2021,57401.09753
10/14/2021,57321.52528
10/15/2021,61593.95006
10/16/2021,60892.18069
10/17/2021,61553.61738
10/18/2021,62026.07783
10/19/2021,64261.99119
10/20/2021,65992.83704
10/21/2021,62210.17308
10/22/2021,60692.26443
10/23/2021,61393.61719
10/24/2021,60930.83644
10/25/2021,63039.82551
10/26/2021,60363.79205
10/27/2021,58482.38794
10/28/2021,60622.13671
10/29/2021,62227.96459
10/30/2021,61888.83122
10/31/2021,61318.95777
11/1/2021,61004.40802
11/2/2021,63226.4011
11/3/2021,62970.04743
11/4/2021,61452.23059
11/5/2021,61125.67427
11/6/2021,61527.48179
11/7/2021,63326.98903
11/8/2021,67566.83009
11/9/2021,66971.8281
11/10/2021,64995.22939
11/11/2021,64949.96191
11/12/2021,64155.94184
11/13/2021,64469.52902
11/14/2021,65466.84102
11/15/2021,63557.87152
11/16/2021,60161.24704
11/17/2021,60368.01182
11/18/2021,56942.13624
11/19/2021,58119.57619
11/20/2021,59697.19713
11/21/2021,58730.47664
11/22/2021,56289.28732
11/23/2021,57569.07488
11/24/2021,56280.42711
11/25/2021,57274.67945
11/26/2021,53569.76396
11/27/2021,54815.0793
11/28/2021,57248.45838
11/29/2021,57806.56622
11/30/2021,57005.42547
12/1/2021,57229.8299
12/2/2021,56477.81748
12/3/2021,53598.24647
12/4/2021,49200.70462
12/5/2021,49368.8471
12/6/2021,50582.6254
12/7/2021,50700.08434
12/8/2021,50504.79554
12/9/2021,47672.12239
12/10/2021,47243.30568
12/11/2021,49362.50834
12/12/2021,50098.33514
12/13/2021,46737.48224
12/14/2021,46612.63351
12/15/2021,48896.72083
12/16/2021,47665.42608
12/17/2021,46202.14338
12/18/2021,46848.77677
12/19/2021,46707.01488
12/20/2021,46880.27896
12/21/2021,48936.61415
12/22/2021,48628.50993
12/23/2021,50784.53818
12/24/2021,50822.19652
12/25/2021,50429.8578
12/26/2021,50809.51501
12/27/2021,50640.4188
12/28/2021,47588.85478
12/29/2021,46444.71049
12/30/2021,47178.12584
12/31/2021,46306.44612
1/1/2022,47686.81151
1/2/2022,47345.22056
1/3/2022,46458.11696
1/4/2022,45897.57583
1/5/2022,43569.00335
1/6/2022,43160.92842
1/7/2022,41557.90116
1/8/2022,41733.9431
1/9/2022,41911.60154
1/10/2022,41821.26314
1/11/2022,42735.85412
1/12/2022,43949.10069
1/13/2022,42591.57226
1/14/2022,43099.69983
1/15/2022,43177.39679
1/16/2022,43113.88011
1/17/2022,42250.54937
1/18/2022,42375.63284
1/19/2022,41744.32984
1/20/2022,40680.41991
1/21/2022,36457.3181
1/22/2022,35030.25177
1/23/2022,36276.80469
1/24/2022,36654.32918
1/25/2022,36954.00201
1/26/2022,36852.12259
1/27/2022,37138.23432
1/28/2022,37784.33326
1/29/2022,38138.17857
1/30/2022,37917.60273
1/31/2022,38483.12631
2/1/2022,38743.27257
2/2/2022,36952.98493
2/3/2022,37154.60024
2/4/2022,41500.87538
2/5/2022,41441.16482
2/6/2022,42412.43424
2/7/2022,43840.28658
2/8/2022,44118.44626
2/9/2022,44338.79776
2/10/2022,43565.11217
2/11/2022,42407.93794
2/12/2022,42244.46999
2/13/2022,42197.51534
2/14/2022,42586.91969
2/15/2022,44575.20333
2/16/2022,43961.85939
2/17/2022,40538.01283
2/18/2022,40030.9756
2/19/2022,40122.15477
2/20/2022,38431.37812
2/21/2022,37075.27935
2/22/2022,38286.02709
2/23/2022,37296.572
2/24/2022,38332.60983
2/25/2022,39214.22063
2/26/2022,39105.14782
2/27/2022,37709.78375
2/28/2022,43193.23403
3/1/2022,44354.63751
3/2/2022,43924.11644
3/3/2022,42451.78959
3/4/2022,39137.60364
3/5/2022,39400.58414
3/6/2022,38419.98338
3/7/2022,38062.04021
3/8/2022,38737.2685
3/9/2022,41982.92635
3/10/2022,39437.45977
3/11/2022,38794.97314
3/12/2022,38904.0134
3/13/2022,37849.6628
3/14/2022,39666.75582
3/15/2022,39338.78549
3/16/2022,41143.92804
3/17/2022,40951.37988
3/18/2022,41801.1545
3/19/2022,42190.65346
3/20/2022,41247.82345
3/21/2022,41077.99799
3/22/2022,42358.80843
3/23/2022,42892.95748
3/24/2022,43960.93306
3/25/2022,44348.7309
3/26/2022,44500.82842
3/27/2022,46820.49346
3/28/2022,47128.00516
3/29/2022,47465.72989
3/30/2022,47062.66417
3/31/2022,45538.67692
4/1/2022,46281.64398
4/2/2022,45868.94916
4/3/2022,46453.56708
4/4/2022,46622.67441
4/5/2022,45555.9934
4/6/2022,43206.73767
4/7/2022,43503.84917
4/8/2022,42287.66351
4/9/2022,42782.13532
4/10/2022,42207.67096
4/11/2022,39521.90133
4/12/2022,40127.18208
4/13/2022,41166.73181
4/14/2022,39935.517
4/15/2022,40553.46327
4/16/2022,40424.48329
4/17/2022,39716.95423
4/18/2022,40826.21439
4/19/2022,41502.75042
4/20/2022,41374.3782
4/21/2022,40527.36408
4/22/2022,39740.31985
4/23/2022,39486.72871
4/24/2022,39469.29356
4/25/2022,40458.30896
4/26/2022,38117.46251
4/27/2022,39241.12275
4/28/2022,39773.82837
4/29/2022,38609.82319
4/30/2022,37714.87555
5/1/2022,38469.0939
5/2/2022,38529.3278
5/3/2022,37750.45392
5/4/2022,39698.37062
5/5/2022,36575.14213
5/6/2022,36040.92235
5/7/2022,35501.95414
5/8/2022,34059.26425
5/9/2022,30296.9534
5/10/2022,31022.90541
5/11/2022,28936.35503
5/12/2022,29047.751
5/13/2022,29283.10381
5/14/2022,30101.26645
5/15/2022,31305.11257
5/16/2022,29862.91824
5/17/2022,30425.85728
5/18/2022,28720.2714
5/19/2022,30314.33495
5/20/2022,29200.74009
5/21/2022,29432.22596
5/22/2022,30323.7219
5/23/2022,29098.90975
5/24/2022,29655.58613
5/25/2022,29562.36127
5/26/2022,29267.22467
5/27/2022,28627.57485
5/28/2022,29023.48804
5/29/2022,29445.95762
5/30/2022,31726.39069
5/31/2022,31792.30994
6/1/2022,29799.07971
6/2/2022,30467.48774
6/3/2022,29704.39136
6/4/2022,29832.91423
6/5/2022,29906.66175
6/6/2022,31370.67195
6/7/2022,31155.4787
6/8/2022,30214.35624
6/9/2022,30111.99792
6/10/2022,29083.80472
6/11/2022,28360.81136
6/12/2022,26762.64904
6/13/2022,22487.38793
6/14/2022,22206.79279
6/15/2022,22572.83982
6/16/2022,20381.65121
6/17/2022,20471.48189
6/18/2022,19017.64236
6/19/2022,20553.27182
6/20/2022,20599.53796
6/21/2022,20710.5971
6/22/2022,19987.02905
6/23/2022,21085.87716
6/24/2022,21231.65577
6/25/2022,21502.33869
6/26/2022,21027.29531
6/27/2022,20735.47795
6/28/2022,20280.63565
6/29/2022,20104.02318
6/30/2022,19784.72649
7/1/2022,19269.36669
7/2/2022,19242.25558
7/3/2022,19297.07608
7/4/2022,20231.26151
7/5/2022,20190.11467
7/6/2022,20548.24587
7/7/2022,21637.58775
7/8/2022,21731.11658
7/9/2022,21592.20607
7/10/2022,20860.44939
7/11/2022,19970.55659
7/12/2022,19323.91486
7/13/2022,20212.0735
7/14/2022,20569.92006
7/15/2022,20836.32864
7/16/2022,21190.31567
7/17/2022,20779.34454
7/18/2022,22485.68925
7/19/2022,23389.43285
7/20/2022,23231.73197
7/21/2022,23164.62875
7/22/2022,22714.97915
7/23/2022,22465.47763
7/24/2022,22609.16477
7/25/2022,21361.70052
7/26/2022,21239.75438
7/27/2022,22930.54845
7/28/2022,23843.88621
7/29/2022,23804.63323
7/30/2022,23656.20703
7/31/2022,23336.8956
8/1/2022,23314.19943
8/2/2022,22978.11659
8/3/2022,22846.50706
8/4/2022,22630.95673
8/5/2022,23289.31428
8/6/2022,22961.27897
8/7/2022,23175.89085
8/8/2022,23809.48711
8/9/2022,23164.31799
8/10/2022,23947.64343
8/11/2022,23957.53019
8/12/2022,24402.81851
8/13/2022,24424.06783
8/14/2022,24319.33392
8/15/2022,24136.97242
8/16/2022,23883.29055
8/17/2022,23335.99822
8/18/2022,23212.73908
8/19/2022,20877.55369
8/20/2022,21166.0604
8/21/2022,21534.12123
8/22/2022,21398.90835
8/23/2022,21528.08737
8/24/2022,21395.02007
8/25/2022,21600.90514
8/26/2022,20260.01865
8/27/2022,20041.73845
8/28/2022,19616.81498
8/29/2022,20297.99464
8/30/2022,19796.8094
8/31/2022,20049.76319
9/1/2022,20127.14027
9/2/2022,19969.77118
9/3/2022,19832.08773
9/4/2022,19986.71384
9/5/2022,19812.37148
9/6/2022,18837.66771
9/7/2022,19290.32387
9/8/2022,19329.83493
9/9/2022,21381.15286
9/10/2022,21680.53941
9/11/2022,21769.25634
9/12/2022,22370.44865
9/13/2022,20296.70781
9/14/2022,20241.0898
9/15/2022,19701.20996
9/16/2022,19772.58421
9/17/2022,20127.57666
9/18/2022,19419.50619
9/19/2022,19544.12925
9/20/2022,18890.7891
9/21/2022,18547.39976
9/22/2022,19413.55162
9/23/2022,19297.63784
9/24/2022,18937.01118
9/25/2022,18802.09798
9/26/2022,19222.67218
9/27/2022,19110.54655
9/28/2022,19426.72133
9/29/2022,19573.05031
9/30/2022,19431.78945
10/1/2022,19312.09473
10/2/2022,19044.10727
10/3/2022,19623.58033
10/4/2022,20336.84295
10/5/2022,20160.71617
10/6/2022,19955.44367
10/7/2022,19546.84971
10/8/2022,19416.56785
10/9/2022,19446.42619
10/10/2022,19141.48351
10/11/2022,19051.41827
10/12/2022,19157.44629
10/13/2022,19382.90403
10/14/2022,19185.6567
10/15/2022,19067.63508
10/16/2022,19268.0928
10/17/2022,19550.7573
10/18/2022,19334.41515
10/19/2022,19139.53435
10/20/2022,19053.74024
10/21/2022,19172.46922
10/22/2022,19208.19025
10/23/2022,19567.0074
10/24/2022,19345.57235
10/25/2022,20095.85646
10/26/2022,20770.44127
10/27/2022,20285.83678
10/28/2022,20595.35194
10/29/2022,20818.47616
10/30/2022,20635.60375
10/31/2022,20495.77423
11/1/2022,20485.27324
11/2/2022,20159.50307
11/3/2022,20209.98742
11/4/2022,21147.22973
11/5/2022,21282.6913
11/6/2022,20926.48597
11/7/2022,20602.81673
11/8/2022,18541.27185
11/9/2022,15880.77985
11/10/2022,17586.77145
11/11/2022,17034.29313
11/12/2022,16799.18474
11/13/2022,16353.36572
11/14/2022,16618.19923
11/15/2022,16884.61391
11/16/2022,16669.44014
11/17/2022,16687.51795
11/18/2022,16697.77767
11/19/2022,16711.54779
11/20/2022,16291.83247
11/21/2022,15787.28409
11/22/2022,16189.76953
11/23/2022,16610.70641
11/24/2022,16604.46502
11/25/2022,16521.84102
11/26/2022,16464.28108
11/27/2022,16444.62683
11/28/2022,16217.32247
11/29/2022,16444.98327
11/30/2022,17168.56555
12/1/2022,16967.13367
12/2/2022,17088.66041
12/3/2022,16908.2368
12/4/2022,17130.48595
12/5/2022,16974.82567
12/6/2022,17089.50371
12/7/2022,16848.12763
12/8/2022,17233.47402
12/9/2022,17133.15201
12/10/2022,17128.72371
12/11/2022,17104.19281
12/12/2022,17206.4383
12/13/2022,17781.31884
12/14/2022,17652.09831
12/15/2022,17364.86491
12/16/2022,16647.48348
12/17/2022,16795.09097
12/18/2022,16757.9774
12/19/2022,16439.67965
12/20/2022,16906.30521
12/21/2022,16817.53439
12/22/2022,16830.34142
12/23/2022,16796.95217
12/24/2022,16847.75527
12/25/2022,16841.98705
12/26/2022,16919.80517
12/27/2022,16717.17398
12/28/2022,16552.57174
12/29/2022,16642.34267
12/30/2022,16602.58516
12/31/2022,16547.49537
1/1/2023,16625.08055
1/2/2023,16688.47136
1/3/2023,16679.85708
1/4/2023,16863.23826
1/5/2023,16836.73665
1/6/2023,16951.96952
1/7/2023,16955.07744
1/8/2023,17091.14445
1/9/2023,17196.55406
1/10/2023,17446.29251
1/11/2023,17943.89763
1/12/2023,18869.58806
1/13/2023,19909.57462
1/14/2023,20976.2998
1/15/2023,20880.7992
1/16/2023,21169.63278
1/17/2023,21161.51922
1/18/2023,20688.78073
1/19/2023,21086.7933
1/20/2023,22676.55176
1/21/2023,22777.62581
1/22/2023,22720.41563
1/23/2023,22934.43146
1/24/2023,22636.46931
1/25/2023,23117.85968
1/26/2023,23032.7776
1/27/2023,23078.72788
1/28/2023,23031.08978
1/29/2023,23774.56592
1/30/2023,22840.13891
1/31/2023,23139.28391
2/1/2023,23723.76965
2/2/2023,23471.87044
2/3/2023,23449.32162
2/4/2023,23331.84714
2/5/2023,22955.66602
2/6/2023,22760.10926
2/7/2023,23264.29119
2/8/2023,22939.3987
2/9/2023,21819.03991
2/10/2023,21651.18378
2/11/2023,21870.87406
2/12/2023,21788.20399
2/13/2023,21808.10177
2/14/2023,22220.80414
2/15/2023,24307.84133
2/16/2023,23623.47448
2/17/2023,24565.60199
2/18/2023,24641.27695
2/19/2023,24327.64167
2/20/2023,24829.14757
2/21/2023,24436.35448
2/22/2023,24188.84298
2/23/2023,23947.49252
2/24/2023,23198.12749
2/25/2023,23175.37564
2/26/2023,23561.21291
2/27/2023,23522.87191
2/28/2023,23147.35339
3/1/2023,23646.5499
3/2/2023,23475.46674
3/3/2023,22362.67933
3/4/2023,22353.35007
3/5/2023,22435.5142
3/6/2023,22429.75753
3/7/2023,22219.76907
3/8/2023,21718.07983
3/9/2023,20363.02111
3/10/2023,20187.24365
3/11/2023,20632.40963
3/12/2023,22163.94995
3/13/2023,24197.533
3/14/2023,24746.07466
3/15/2023,24375.96136
3/16/2023,25052.78972
3/17/2023,27423.93063
3/18/2023,26965.87976
3/19/2023,28038.67495
3/20/2023,27767.23633
3/21/2023,28175.81684
3/22/2023,27307.43677
3/23/2023,28333.97271
3/24/2023,27493.28514
3/25/2023,27494.70688
3/26/2023,27994.32951
3/27/2023,27139.88853
3/28/2023,27268.13148
3/29/2023,28348.44234
3/30/2023,28033.56315
3/31/2023,28478.48461
4/1/2023,28411.03424
4/2/2023,28199.30838
4/3/2023,27790.22085
4/4/2023,28168.08982
4/5/2023,28177.98356
4/6/2023,28044.13975
4/7/2023,27925.85941
4/8/2023,27947.79455
4/9/2023,28333.05005
4/10/2023,29652.9801
4/11/2023,30235.05894
4/12/2023,30139.05287
4/13/2023,30399.06639
4/14/2023,30485.70003
4/15/2023,30318.49695
4/16/2023,30315.35546
4/17/2023,29445.0449
4/18/2023,30397.55274
4/19/2023,28822.68047
4/20/2023,28245.98731
4/21/2023,27276.90969
4/22/2023,27817.50092
4/23/2023,27591.38463
4/24/2023,27525.3395
4/25/2023,28307.59809
4/26/2023,28422.70088
4/27/2023,29473.78618
4/28/2023,29340.2625
4/29/2023,29248.48837
4/30/2023,29268.80704
5/1/2023,28091.5688
5/2/2023,28680.53697
5/3/2023,29006.30767
5/4/2023,28847.71159
5/5/2023,29534.38402
5/6/2023,28904.62395
5/7/2023,28454.97829
5/8/2023,27694.2729
5/9/2023,27658.77467
5/10/2023,27621.75623
5/11/2023,27000.78827
5/12/2023,26804.99067
5/13/2023,26784.07856
5/14/2023,26930.63785
5/15/2023,27192.69322
5/16/2023,27036.65071
5/17/2023,27398.80203
5/18/2023,26832.2093
5/19/2023,26890.12824
5/20/2023,27129.58626
5/21/2023,26753.82564
5/22/2023,26851.27763
5/23/2023,27225.72659
5/24/2023,26334.81821
5/25/2023,26476.20753
5/26/2023,26719.29098
5/27/2023,26868.35382
5/28/2023,28085.64736
5/29/2023,27745.88444
5/30/2023,27702.34877
5/31/2023,27219.65861
6/1/2023,26819.97322
6/2/2023,27249.58895
6/3/2023,27075.1294
6/4/2023,27119.06719
6/5/2023,25760.097
6/6/2023,27238.78373
6/7/2023,26345.99885
6/8/2023,26508.2159
6/9/2023,26480.37509
6/10/2023,25851.241
6/11/2023,25940.16808
6/12/2023,25902.49987
6/13/2023,25918.7284
6/14/2023,25124.67668
6/15/2023,25576.39401
6/16/2023,26327.46239
6/17/2023,26510.67645
6/18/2023,26336.213
6/19/2023,26851.02855
6/20/2023,28327.48826
6/21/2023,30027.29645
6/22/2023,29912.28171
6/23/2023,30695.46941
6/24/2023,30548.69482
6/25/2023,30480.26161
6/26/2023,30271.13102
6/27/2023,30688.16385
6/28/2023,30086.24619
6/29/2023,30445.35123
6/30/2023,30477.25128
7/1/2023,30590.07907
7/2/2023,30620.77026
7/3/2023,31156.43949
7/4/2023,30777.58151
7/5/2023,30514.16639
7/6/2023,29909.33776
7/7/2023,30342.26475
7/8/2023,30292.54117
7/9/2023,30171.23357
7/10/2023,30414.47152
7/11/2023,30620.95094
7/12/2023,30391.64614
7/13/2023,31476.04939
7/14/2023,30334.06901
7/15/2023,30295.80748
7/16/2023,30249.13281
7/17/2023,30145.88963
7/18/2023,29856.56322
7/19/2023,29913.9232
7/20/2023,29792.01638
7/21/2023,29908.7439
7/22/2023,29771.80283
7/23/2023,30084.53924
7/24/2023,29176.91548
7/25/2023,29227.3908
7/26/2023,29354.97288
7/27/2023,29210.68928
7/28/2023,29319.2454
7/29/2023,29356.91854
7/30/2023,29275.30795
7/31/2023,29230.11088
8/1/2023,29675.7325
8/2/2023,29151.95969
8/3/2023,29178.67878
8/4/2023,29074.09173
8/5/2023,29042.12615
8/6/2023,29041.85617
8/7/2023,29180.57892
8/8/2023,29765.49267
8/9/2023,29561.49451
8/10/2023,29429.59249
