Date,Bitcoin,Gold,NASDAQ
1/1/2017,998.33,1160.4,5429.08
1/2/2017,1021.75,1160.4,5429.08
1/3/2017,1043.84,1160.4,5429.08
1/4/2017,1154.73,1163.8,5477
1/5/2017,1013.38,1179.7,5487.94
1/6/2017,902.2,1171.9,5521.06
1/7/2017,908.59,1171.9,5521.06
1/8/2017,911.2,1171.9,5521.06
1/9/2017,902.83,1183.5,5531.82
1/10/2017,907.68,1184.2,5551.82
1/11/2017,777.76,1195.6,5563.65
1/12/2017,804.83,1198.9,5547.49
1/13/2017,823.98,1195.3,5574.12
1/14/2017,818.41,1195.3,5574.12
1/15/2017,821.8,1195.3,5574.12
1/16/2017,831.53,1195.3,5574.12
1/17/2017,907.94,1212,5538.73
1/18/2017,886.62,1211.3,5555.65
1/19/2017,899.07,1200.9,5540.08
1/20/2017,895.03,1204.3,5555.33
1/21/2017,921.79,1204.3,5555.33
1/22/2017,924.67,1204.3,5555.33
1/23/2017,921.01,1215,5552.94
1/24/2017,892.69,1210.3,5600.96
1/25/2017,901.54,1197.3,5656.34
1/26/2017,917.59,1189.5,5655.18
1/27/2017,919.75,1188.1,5660.78
1/28/2017,921.59,1188.1,5660.78
1/29/2017,919.5,1188.1,5660.78
1/30/2017,920.38,1193.2,5613.71
1/31/2017,970.4,1208.6,5614.79
2/1/2017,989.02,1205.6,5642.65
2/2/2017,1011.8,1216.7,5636.2
2/3/2017,1029.91,1218.5,5666.77
2/4/2017,1042.9,1218.5,5666.77
2/5/2017,1027.34,1218.5,5666.77
2/6/2017,1038.15,1230,5663.55
2/7/2017,1061.35,1234.2,5674.22
2/8/2017,1063.07,1237.6,5682.45
2/9/2017,994.38,1235.1,5715.18
2/10/2017,988.67,1234.4,5734.13
2/11/2017,1004.45,1234.4,5734.13
2/12/2017,999.18,1234.4,5734.13
2/13/2017,990.64,1224.4,5763.96
2/14/2017,1004.55,1223.9,5782.57
2/15/2017,1007.48,1231.7,5819.44
2/16/2017,1027.44,1240,5814.9
2/17/2017,1046.21,1237.6,5838.58
2/18/2017,1054.42,1237.6,5838.58
2/19/2017,1047.87,1237.6,5838.58
2/20/2017,1079.98,1237.6,5838.58
2/21/2017,1115.3,1237.5,5865.95
2/22/2017,1117.44,1232,5860.63
2/23/2017,1166.72,1250.2,5835.51
2/24/2017,1173.68,1256.9,5845.31
2/25/2017,1143.84,1256.9,5845.31
2/26/2017,1165.2,1256.9,5845.31
2/27/2017,1179.97,1257.4,5861.9
2/28/2017,1179.97,1252.6,5825.44
3/1/2017,1222.5,1248.9,5904.03
3/2/2017,1251.01,1231.9,5861.22
3/3/2017,1274.99,1225.5,5870.75
3/4/2017,1255.15,1225.5,5870.75
3/5/2017,1267.12,1225.5,5870.75
3/6/2017,1272.83,1224.5,5849.18
3/7/2017,1223.54,1215.1,5833.93
3/8/2017,1150,1208.5,5837.55
3/9/2017,1188.49,1202.4,5838.81
3/10/2017,1116.72,1200.7,5861.73
3/11/2017,1175.83,1200.7,5861.73
3/12/2017,1221.38,1200.7,5861.73
3/13/2017,1231.92,1202.4,5875.78
3/14/2017,1240,1201.9,5856.82
3/15/2017,1249.61,1200.1,5900.05
3/16/2017,1187.81,1226.5,5900.76
3/17/2017,1100.23,1229.8,5901
3/18/2017,973.82,1229.8,5901
3/19/2017,1036.74,1229.8,5901
3/20/2017,1054.23,1233.6,5901.53
3/21/2017,1120.54,1246.1,5793.83
3/22/2017,1049.14,1249.3,5821.64
3/23/2017,1038.59,1246.9,5817.69
3/24/2017,937.52,1248.2,5828.74
3/25/2017,972.78,1248.2,5828.74
3/26/2017,966.72,1248.2,5828.74
3/27/2017,1045.77,1255.4,5840.37
3/28/2017,1047.15,1255.3,5875.14
3/29/2017,1039.97,1253.4,5897.55
3/30/2017,1026.43,1245,5914.34
3/31/2017,1071.79,1247.3,5911.74
4/1/2017,1080.5,1247.3,5911.74
4/2/2017,1102.17,1247.3,5911.74
4/3/2017,1143.81,1250.8,5894.68
4/4/2017,1133.25,1255,5898.61
4/5/2017,1124.78,1245.4,5864.48
4/6/2017,1182.68,1250.3,5878.95
4/7/2017,1176.9,1254.3,5877.81
4/8/2017,1175.95,1254.3,5877.81
4/9/2017,1187.87,1254.3,5877.81
4/10/2017,1187.13,1251.1,5880.93
4/11/2017,1205.01,1271.2,5866.77
4/12/2017,1200.37,1275.3,5836.16
4/13/2017,1169.28,1285.9,5805.15
4/14/2017,1167.54,1285.9,5805.15
4/15/2017,1172.52,1285.9,5805.15
4/16/2017,1182.94,1285.9,5805.15
4/17/2017,1193.91,1289.4,5856.79
4/18/2017,1211.67,1291.7,5849.47
4/19/2017,1210.29,1281.4,5863.03
4/20/2017,1229.08,1281.9,5916.78
4/21/2017,1222.05,1287.4,5910.52
4/22/2017,1231.71,1287.4,5910.52
4/23/2017,1207.21,1287.4,5910.52
4/24/2017,1250.15,1275.8,5983.82
4/25/2017,1265.49,1265.6,6025.49
4/26/2017,1281.08,1262.1,6025.23
4/27/2017,1317.73,1263.7,6048.94
4/28/2017,1316.48,1266.1,6047.61
4/29/2017,1321.79,1266.1,6047.61
4/30/2017,1347.89,1266.1,6047.61
5/1/2017,1421.6,1253.3,6091.6
5/2/2017,1452.82,1255.1,6095.37
5/3/2017,1490.09,1246.4,6072.55
5/4/2017,1537.67,1226.5,6075.34
5/5/2017,1555.45,1224.8,6100.76
5/6/2017,1578.8,1224.8,6100.76
5/7/2017,1596.71,1224.8,6100.76
5/8/2017,1723.35,1225.3,6102.66
5/9/2017,1755.36,1214.3,6120.59
5/10/2017,1787.13,1217.3,6129.14
5/11/2017,1848.57,1222.7,6115.96
5/12/2017,1724.24,1226.2,6121.23
5/13/2017,1804.91,1226.2,6121.23
5/14/2017,1808.91,1226.2,6121.23
5/15/2017,1738.43,1228.6,6149.67
5/16/2017,1734.45,1235,6169.87
5/17/2017,1839.09,1257.5,6011.24
5/18/2017,1888.65,1251.7,6055.13
5/19/2017,1987.71,1252.7,6083.7
5/20/2017,2084.73,1252.7,6083.7
5/21/2017,2041.2,1252.7,6083.7
5/22/2017,2173.4,1260.7,6133.62
5/23/2017,2320.42,1254.8,6138.71
5/24/2017,2443.64,1252.4,6163.02
5/25/2017,2304.98,1255.8,6205.26
5/26/2017,2202.42,1267.6,6210.19
5/27/2017,2038.87,1267.6,6210.19
5/28/2017,2155.8,1267.6,6210.19
5/29/2017,2255.61,1267.6,6210.19
5/30/2017,2175.47,1262.1,6203.19
5/31/2017,2286.41,1272,6198.52
6/1/2017,2407.88,1267,6246.83
6/2/2017,2488.55,1276.8,6305.8
6/3/2017,2515.35,1276.8,6305.8
6/4/2017,2511.81,1276.8,6305.8
6/5/2017,2686.81,1279.3,6295.68
6/6/2017,2863.2,1294.4,6275.06
6/7/2017,2732.16,1290.1,6297.38
6/8/2017,2805.62,1276.3,6321.76
6/9/2017,2823.81,1268.5,6207.92
6/10/2017,2947.71,1268.5,6207.92
6/11/2017,2958.11,1268.5,6207.92
6/12/2017,2659.63,1266.1,6175.46
6/13/2017,2717.02,1265.8,6220.37
6/14/2017,2506.37,1272.8,6194.89
6/15/2017,2464.58,1252.2,6165.5
6/16/2017,2518.56,1254,6151.76
6/17/2017,2655.88,1254,6151.76
6/18/2017,2548.29,1254,6151.76
6/19/2017,2589.6,1244.2,6239.01
6/20/2017,2721.79,1241,6188.03
6/21/2017,2689.1,1243.4,6233.95
6/22/2017,2705.41,1247.6,6236.69
6/23/2017,2744.91,1256.2,6265.25
6/24/2017,2608.72,1256.2,6265.25
6/25/2017,2589.41,1256.2,6265.25
6/26/2017,2478.45,1246.3,6247.15
6/27/2017,2552.45,1246.4,6146.62
6/28/2017,2574.79,1248,6234.41
6/29/2017,2539.32,1244.2,6144.35
6/30/2017,2480.84,1240.7,6140.42
7/1/2017,2434.55,1240.7,6140.42
7/2/2017,2506.47,1240.7,6140.42
7/3/2017,2564.06,1217.9,6110.06
7/4/2017,2601.64,1217.9,6110.06
7/5/2017,2601.99,1220.4,6150.86
7/6/2017,2608.56,1222.2,6089.46
7/7/2017,2518.66,1208.6,6153.08
7/8/2017,2571.34,1208.6,6153.08
7/9/2017,2518.44,1208.6,6153.08
7/10/2017,2372.56,1212.1,6176.39
7/11/2017,2337.79,1213.6,6193.3
7/12/2017,2398.84,1218.1,6261.17
7/13/2017,2357.9,1216.3,6274.44
7/14/2017,2233.34,1226.6,6312.47
7/15/2017,1998.86,1226.6,6312.47
7/16/2017,1929.82,1226.6,6312.47
7/17/2017,2228.41,1232.8,6314.43
7/18/2017,2318.88,1241.1,6344.31
7/19/2017,2273.43,1241.2,6385.04
7/20/2017,2817.6,1244.8,6390
7/21/2017,2667.76,1254.3,6387.75
7/22/2017,2810.12,1254.3,6387.75
7/23/2017,2730.4,1254.3,6387.75
7/24/2017,2754.86,1253.9,6410.81
7/25/2017,2576.48,1251.7,6412.17
7/26/2017,2529.45,1249,6422.75
7/27/2017,2671.78,1259.6,6382.19
7/28/2017,2809.01,1268.4,6374.68
7/29/2017,2726.45,1268.4,6374.68
7/30/2017,2757.18,1268.4,6374.68
7/31/2017,2875.34,1266.6,6348.12
8/1/2017,2718.26,1272.6,6362.94
8/2/2017,2710.67,1271.8,6362.65
8/3/2017,2804.73,1267.8,6340.34
8/4/2017,2895.89,1258.3,6351.56
8/5/2017,3252.91,1258.3,6351.56
8/6/2017,3213.94,1258.3,6351.56
8/7/2017,3378.94,1258.2,6383.77
8/8/2017,3419.94,1256.4,6370.46
8/9/2017,3342.47,1273,6352.33
8/10/2017,3381.28,1283.7,6216.87
8/11/2017,3650.62,1287.7,6256.56
8/12/2017,3884.71,1287.7,6256.56
8/13/2017,4073.26,1287.7,6256.56
8/14/2017,4325.13,1284.2,6340.23
8/15/2017,4181.93,1273.7,6333.01
8/16/2017,4376.63,1276.9,6345.11
8/17/2017,4331.69,1286.4,6221.91
8/18/2017,4160.62,1285.7,6216.53
8/19/2017,4193.7,1285.7,6216.53
8/20/2017,4087.66,1285.7,6216.53
8/21/2017,4001.74,1290.8,6213.13
8/22/2017,4100.52,1285.1,6297.48
8/23/2017,4151.52,1288.9,6278.41
8/24/2017,4334.68,1286.5,6271.33
8/25/2017,4371.6,1292.5,6265.64
8/26/2017,4352.4,1292.5,6265.64
8/27/2017,4382.88,1292.5,6265.64
8/28/2017,4382.66,1309.7,6283.02
8/29/2017,4579.02,1313.1,6301.89
8/30/2017,4565.3,1308.1,6368.31
8/31/2017,4703.39,1316.2,6428.66
9/1/2017,4892.01,1324.5,6435.33
9/2/2017,4578.77,1324.5,6435.33
9/3/2017,4582.96,1324.5,6435.33
9/4/2017,4236.31,1324.5,6435.33
9/5/2017,4376.53,1339.2,6375.57
9/6/2017,4597.12,1333.9,6393.31
9/7/2017,4599.88,1345.1,6397.87
9/8/2017,4228.75,1346,6360.19
9/9/2017,4226.06,1346,6360.19
9/10/2017,4122.94,1346,6360.19
9/11/2017,4161.27,1331,6432.26
9/12/2017,4130.81,1328,6454.28
9/13/2017,3882.59,1323.4,6460.19
9/14/2017,3154.95,1324.7,6429.08
9/15/2017,3637.52,1320.4,6448.47
9/16/2017,3625.04,1320.4,6448.47
9/17/2017,3582.88,1320.4,6448.47
9/18/2017,4065.2,1306.3,6454.64
9/19/2017,3924.97,1306.2,6461.32
9/20/2017,3905.95,1312,6456.04
9/21/2017,3631.04,1290.6,6422.69
9/22/2017,3630.7,1293.3,6426.92
9/23/2017,3792.4,1293.3,6426.92
9/24/2017,3682.84,1293.3,6426.92
9/25/2017,3926.07,1306.8,6370.59
9/26/2017,3892.35,1297,6380.16
9/27/2017,4200.67,1283.4,6453.26
9/28/2017,4174.73,1285.5,6453.45
9/29/2017,4163.07,1281.5,6495.96
9/30/2017,4338.71,1281.5,6495.96
10/1/2017,4403.74,1281.5,6495.96
10/2/2017,4409.32,1272.7,6516.72
10/3/2017,4317.48,1271.5,6531.71
10/4/2017,4229.36,1273.7,6534.63
10/5/2017,4328.41,1269.9,6585.36
10/6/2017,4370.81,1271.6,6590.18
10/7/2017,4426.89,1271.6,6590.18
10/8/2017,4610.48,1271.6,6590.18
10/9/2017,4772.02,1281.8,6579.73
10/10/2017,4781.99,1290.6,6587.25
10/11/2017,4826.48,1285.8,6603.55
10/12/2017,5446.91,1293.3,6591.51
10/13/2017,5647.21,1301.5,6605.8
10/14/2017,5831.79,1301.5,6605.8
10/15/2017,5678.19,1301.5,6605.8
10/16/2017,5725.59,1299.9,6624
10/17/2017,5605.51,1283,6623.66
10/18/2017,5590.69,1279.9,6624.22
10/19/2017,5708.52,1286.9,6605.07
10/20/2017,6011.45,1277.4,6629.05
10/21/2017,6031.6,1277.4,6629.05
10/22/2017,6008.42,1277.4,6629.05
10/23/2017,5930.32,1277.7,6586.83
10/24/2017,5526.64,1275,6598.43
10/25/2017,5750.8,1275.4,6563.89
10/26/2017,5904.83,1266.3,6556.77
10/27/2017,5780.9,1268.5,6701.26
10/28/2017,5753.09,1268.5,6701.26
10/29/2017,6153.85,1268.5,6701.26
10/30/2017,6130.53,1274.1,6698.96
10/31/2017,6468.4,1267,6727.67
11/1/2017,6767.31,1274.1,6716.53
11/2/2017,7078.5,1274.9,6714.94
11/3/2017,7207.76,1266.5,6764.44
11/4/2017,7379.95,1266.5,6764.44
11/5/2017,7407.41,1266.5,6764.44
11/6/2017,7022.76,1279.4,6786.44
11/7/2017,7144.38,1273.7,6767.78
11/8/2017,7459.69,1281.6,6789.12
11/9/2017,7143.58,1285.6,6750.05
11/10/2017,6618.14,1272.4,6750.94
11/11/2017,6357.6,1272.4,6750.94
11/12/2017,5950.07,1272.4,6750.94
11/13/2017,6559.49,1277.3,6757.6
11/14/2017,6635.75,1281.5,6737.87
11/15/2017,7315.54,1276.5,6706.21
11/16/2017,7871.69,1277.4,6793.29
11/17/2017,7708.99,1295.8,6782.79
11/18/2017,7790.15,1295.8,6782.79
11/19/2017,8036.49,1295.8,6782.79
11/20/2017,8200.64,1274.6,6790.71
11/21/2017,8071.26,1281.1,6862.48
11/22/2017,8253.55,1291.6,6867.36
11/23/2017,8038.77,1291.6,6867.36
11/24/2017,8253.69,1286.7,6889.16
11/25/2017,8790.92,1286.7,6889.16
11/26/2017,9330.55,1286.7,6889.16
11/27/2017,9818.35,1293.8,6878.52
11/28/2017,10058.8,1294.7,6912.36
11/29/2017,9888.61,1282.1,6824.39
11/30/2017,10233.6,1273.2,6873.97
12/1/2017,10975.6,1278.8,6847.59
12/2/2017,11074.6,1278.8,6847.59
12/3/2017,11323.2,1278.8,6847.59
12/4/2017,11657.2,1274.3,6775.37
12/5/2017,11916.7,1261.6,6762.21
12/6/2017,14291.5,1262.8,6776.38
12/7/2017,17899.7,1249.8,6812.84
12/8/2017,16569.4,1245.2,6840.08
12/9/2017,15178.2,1245.2,6840.08
12/10/2017,15455.4,1245.2,6840.08
12/11/2017,16936.8,1243.7,6875.08
12/12/2017,17415.4,1238.5,6862.32
12/13/2017,16408.2,1245.4,6875.8
12/14/2017,16564,1253.8,6856.53
12/15/2017,17706.9,1254.3,6936.58
12/16/2017,19497.4,1254.3,6936.58
12/17/2017,19140.8,1254.3,6936.58
12/18/2017,19114.2,1262.2,6994.76
12/19/2017,17776.7,1260.7,6963.85
12/20/2017,16624.6,1266.1,6960.96
12/21/2017,15802.9,1267.3,6965.36
12/22/2017,13831.8,1275.4,6959.96
12/23/2017,14699.2,1275.4,6959.96
12/24/2017,13925.8,1275.4,6959.96
12/25/2017,14026.6,1275.4,6959.96
12/26/2017,16099.8,1284.1,6936.25
12/27/2017,15838.5,1287,6939.34
12/28/2017,14606.5,1294.1,6950.16
12/29/2017,14656.2,1306.3,6903.39
12/30/2017,12952.2,1306.3,6903.39
12/31/2017,14156.4,1306.3,6903.39
1/1/2018,13657.2,1306.3,6903.39
1/2/2018,14982.1,1313.7,7006.9
1/3/2018,15201,1316.2,7065.53
1/4/2018,15599.2,1319.4,7077.91
1/5/2018,17429.5,1320.3,7136.56
1/6/2018,17527,1320.3,7136.56
1/7/2018,16477.6,1320.3,7136.56
1/8/2018,15170.1,1318.6,7157.39
1/9/2018,14595.4,1311.7,7163.58
1/10/2018,14973.3,1317.4,7153.57
1/11/2018,13405.8,1320.6,7211.78
1/12/2018,13980.6,1333.4,7261.06
1/13/2018,14360.2,1333.4,7261.06
1/14/2018,13772,1333.4,7261.06
1/15/2018,13819.8,1333.4,7261.06
1/16/2018,11490.5,1335.4,7223.69
1/17/2018,11188.6,1338,7298.28
1/18/2018,11474.9,1326,7296.05
1/19/2018,11607.4,1331.9,7336.38
1/20/2018,12899.2,1331.9,7336.38
1/21/2018,11600.1,1331.9,7336.38
1/22/2018,10931.4,1330.9,7408.03
1/23/2018,10868.4,1335.7,7460.29
1/24/2018,11359.4,1355.9,7415.06
1/25/2018,11259.4,1362.4,7411.16
1/26/2018,11171.4,1351.6,7505.77
1/27/2018,11440.7,1351.6,7505.77
1/28/2018,11786.3,1351.6,7505.77
1/29/2018,11296.4,1335.4,7466.51
1/30/2018,10106.3,1335.4,7402.48
1/31/2018,10221.1,1339,7411.48
2/1/2018,9170.54,1344.3,7385.86
2/2/2018,8830.75,1333.7,7240.95
2/3/2018,9174.91,1333.7,7240.95
2/4/2018,8277.01,1333.7,7240.95
2/5/2018,6955.27,1333,6967.53
2/6/2018,7754,1326.1,7115.88
2/7/2018,7621.3,1311.6,7051.98
2/8/2018,8265.59,1316.9,6777.16
2/9/2018,8736.98,1313.1,6874.49
2/10/2018,8621.9,1313.1,6874.49
2/11/2018,8129.97,1313.1,6874.49
2/12/2018,8926.57,1324.2,6981.96
2/13/2018,8598.31,1328.1,7013.51
2/14/2018,9494.63,1355.5,7143.62
2/15/2018,10166.4,1352.1,7256.43
2/16/2018,10233.9,1353.2,7239.47
2/17/2018,11112.7,1353.2,7239.47
2/18/2018,10551.8,1353.2,7239.47
2/19/2018,11225.3,1353.2,7239.47
2/20/2018,11403.7,1328.8,7234.31
2/21/2018,10690.4,1330,7218.23
2/22/2018,10005,1330.6,7210.09
2/23/2018,10301.1,1328.2,7337.39
2/24/2018,9813.07,1328.2,7337.39
2/25/2018,9664.73,1328.2,7337.39
2/26/2018,10366.7,1330.7,7421.46
2/27/2018,10725.6,1315.5,7330.35
2/28/2018,10397.9,1315.5,7273.01
3/1/2018,10951,1302.9,7180.56
3/2/2018,11086.4,1321.1,7257.87
3/3/2018,11489.7,1321.1,7257.87
3/4/2018,11512.6,1321.1,7257.87
3/5/2018,11573.3,1318.1,7330.71
3/6/2018,10779.9,1333.6,7372.01
3/7/2018,9965.57,1326,7396.65
3/8/2018,9395.01,1319.9,7427.95
3/9/2018,9337.55,1322.4,7560.81
3/10/2018,8866,1322.4,7560.81
3/11/2018,9578.63,1322.4,7560.81
3/12/2018,9205.12,1319.4,7588.32
3/13/2018,9194.85,1325.9,7511.01
3/14/2018,8269.81,1324.4,7496.81
3/15/2018,8300.86,1316.8,7481.74
3/16/2018,8338.35,1311.3,7481.99
3/17/2018,7916.88,1311.3,7481.99
3/18/2018,8223.68,1311.3,7481.99
3/19/2018,8630.65,1316.8,7344.24
3/20/2018,8913.47,1311.1,7364.3
3/21/2018,8929.28,1320.7,7345.29
3/22/2018,8728.47,1326.6,7166.68
3/23/2018,8879.62,1349.3,6992.67
3/24/2018,8668.12,1349.3,6992.67
3/25/2018,8495.78,1349.3,6992.67
3/26/2018,8209.4,1354.4,7220.54
3/27/2018,7833.04,1341.3,7008.81
3/28/2018,7954.48,1324.2,6949.23
3/29/2018,7165.7,1322.8,7063.45
3/30/2018,6890.52,1322.8,7063.45
3/31/2018,6973.53,1322.8,7063.45
4/1/2018,6844.23,1322.8,7063.45
4/2/2018,7083.8,1342.1,6870.12
4/3/2018,7456.11,1332.8,6941.28
4/4/2018,6853.84,1335.8,7042.11
4/5/2018,6811.47,1324.3,7076.55
4/6/2018,6636.32,1331.9,6915.11
4/7/2018,6911.09,1331.9,6915.11
4/8/2018,7023.52,1331.9,6915.11
4/9/2018,6770.73,1336.3,6950.34
4/10/2018,6834.76,1342,7094.3
4/11/2018,6968.32,1356.5,7069.03
4/12/2018,7889.25,1338.4,7140.25
4/13/2018,7895.96,1344.8,7106.65
4/14/2018,7986.24,1344.8,7106.65
4/15/2018,8329.11,1344.8,7106.65
4/16/2018,8058.67,1347.5,7156.28
4/17/2018,7902.09,1347.2,7281.1
4/18/2018,8163.42,1351.2,7295.24
4/19/2018,8294.31,1346.8,7238.06
4/20/2018,8845.83,1336.7,7146.13
4/21/2018,8895.58,1336.7,7146.13
4/22/2018,8802.46,1336.7,7146.13
4/23/2018,8930.88,1322.5,7128.6
4/24/2018,9697.5,1331.4,7007.35
4/25/2018,8845.74,1321.2,7003.74
4/26/2018,9281.51,1316.3,7118.68
4/27/2018,8987.05,1320.3,7119.8
4/28/2018,9348.48,1320.3,7119.8
4/29/2018,9419.08,1320.3,7119.8
4/30/2018,9240.55,1316.2,7066.27
5/1/2018,9119.01,1303.8,7130.7
5/2/2018,9235.92,1302.6,7100.9
5/3/2018,9743.86,1310.7,7088.15
5/4/2018,9700.76,1312.7,7209.62
5/5/2018,9858.15,1312.7,7209.62
5/6/2018,9654.8,1312.7,7209.62
5/7/2018,9373.01,1312.2,7265.21
5/8/2018,9234.82,1312,7266.9
5/9/2018,9325.18,1311.3,7339.91
5/10/2018,9043.94,1320.8,7404.97
5/11/2018,8441.49,1319,7402.88
5/12/2018,8504.89,1319,7402.88
5/13/2018,8723.94,1319,7402.88
5/14/2018,8716.79,1316.5,7411.32
5/15/2018,8510.38,1288.9,7351.63
5/16/2018,8368.83,1290.2,7398.3
5/17/2018,8094.32,1288.2,7382.47
5/18/2018,8250.97,1290.2,7354.34
5/19/2018,8247.18,1290.2,7354.34
5/20/2018,8513.25,1290.2,7354.34
5/21/2018,8418.99,1290.2,7394.04
5/22/2018,8041.78,1291.7,7378.46
5/23/2018,7557.82,1289.3,7425.96
5/24/2018,7587.34,1303.7,7424.43
5/25/2018,7480.14,1303.3,7433.85
5/26/2018,7355.88,1303.3,7433.85
5/27/2018,7368.22,1303.3,7433.85
5/28/2018,7135.99,1303.3,7433.85
5/29/2018,7472.59,1298.7,7396.59
5/30/2018,7406.52,1301.5,7462.45
5/31/2018,7494.17,1300.1,7442.12
6/1/2018,7541.45,1294.8,7554.33
6/2/2018,7643.45,1294.8,7554.33
6/3/2018,7720.25,1294.8,7554.33
6/4/2018,7514.47,1293.1,7606.46
6/5/2018,7633.76,1297.5,7637.86
6/6/2018,7653.98,1297.1,7689.24
6/7/2018,7678.24,1298.7,7635.07
6/8/2018,7624.92,1298.1,7645.51
6/9/2018,7531.98,1298.1,7645.51
6/10/2018,6786.02,1298.1,7645.51
6/11/2018,6906.92,1298.9,7659.93
6/12/2018,6582.36,1295.1,7703.79
6/13/2018,6349.9,1296.9,7695.7
6/14/2018,6675.35,1304,7761.04
6/15/2018,6456.58,1274.6,7746.38
6/16/2018,6550.16,1274.6,7746.38
6/17/2018,6499.27,1274.6,7746.38
6/18/2018,6734.82,1276.2,7747.03
6/19/2018,6769.94,1275.6,7725.59
6/20/2018,6776.55,1271.2,7781.51
6/21/2018,6729.74,1267.2,7712.95
6/22/2018,6083.69,1267.4,7692.82
6/23/2018,6162.48,1267.4,7692.82
6/24/2018,6173.23,1267.4,7692.82
6/25/2018,6249.18,1265.6,7532.01
6/26/2018,6093.67,1256.6,7561.63
6/27/2018,6157.13,1252.8,7445.08
6/28/2018,5903.44,1247.8,7503.68
6/29/2018,6218.3,1251.3,7510.3
6/30/2018,6404,1251.3,7510.3
7/1/2018,6385.82,1251.3,7510.3
7/2/2018,6614.18,1239.8,7567.69
7/3/2018,6529.59,1251.6,7502.67
7/4/2018,6597.55,1251.6,7502.67
7/5/2018,6639.14,1257.3,7586.43
7/6/2018,6673.5,1254.3,7688.39
7/7/2018,6856.93,1254.3,7688.39
7/8/2018,6773.88,1254.3,7688.39
7/9/2018,6741.75,1258.1,7756.2
7/10/2018,6329.95,1253.8,7759.2
7/11/2018,6394.71,1242.8,7716.61
7/12/2018,6228.81,1245,7823.92
7/13/2018,6238.05,1239.6,7825.98
7/14/2018,6276.12,1239.6,7825.98
7/15/2018,6359.64,1239.6,7825.98
7/16/2018,6741.75,1238.1,7805.72
7/17/2018,7321.04,1225.7,7855.12
7/18/2018,7370.78,1226.3,7854.44
7/19/2018,7466.86,1222.4,7825.3
7/20/2018,7354.13,1229.5,7820.2
7/21/2018,7419.29,1229.5,7820.2
7/22/2018,7418.49,1229.5,7820.2
7/23/2018,7711.11,1224,7841.87
7/24/2018,8424.27,1223.9,7840.77
7/25/2018,8181.39,1231.4,7932.24
7/26/2018,7951.58,1225.3,7852.18
7/27/2018,8165.01,1222.6,7737.42
7/28/2018,8192.15,1222.6,7737.42
7/29/2018,8218.46,1222.6,7737.42
7/30/2018,8180.48,1221.3,7630
7/31/2018,7780.44,1223.7,7671.79
8/1/2018,7624.91,1217.9,7707.29
8/2/2018,7567.15,1210.6,7802.69
8/3/2018,7434.39,1214.2,7812.01
8/4/2018,7032.85,1214.2,7812.01
8/5/2018,7068.48,1214.2,7812.01
8/6/2018,6951.8,1208.6,7859.68
8/7/2018,6753.12,1209.6,7883.66
8/8/2018,6305.8,1212.6,7888.33
8/9/2018,6568.23,1211.9,7891.78
8/10/2018,6184.71,1211.1,7839.11
8/11/2018,6295.73,1211.1,7839.11
8/12/2018,6322.69,1211.1,7839.11
8/13/2018,6297.57,1191.3,7819.71
8/14/2018,6199.71,1193,7870.89
8/15/2018,6308.52,1177.5,7774.12
8/16/2018,6334.73,1176.2,7806.52
8/17/2018,6580.63,1176.5,7816.33
8/18/2018,6423.76,1176.5,7816.33
8/19/2018,6506.07,1176.5,7816.33
8/20/2018,6308.53,1186.8,7821.01
8/21/2018,6488.76,1192.6,7859.17
8/22/2018,6376.71,1196.3,7889.1
8/23/2018,6534.88,1187,7878.46
8/24/2018,6719.96,1206.3,7945.98
8/25/2018,6763.19,1206.3,7945.98
8/26/2018,6707.26,1206.3,7945.98
8/27/2018,6884.64,1209,8017.9
8/28/2018,7096.28,1207.4,8030.04
8/29/2018,7047.16,1204.5,8109.69
8/30/2018,6978.23,1197.7,8088.36
8/31/2018,7037.58,1200.3,8109.54
9/1/2018,7193.25,1200.3,8109.54
9/2/2018,7272.72,1200.3,8109.54
9/3/2018,7260.06,1200.3,8109.54
9/4/2018,7361.66,1192.7,8091.25
9/5/2018,6792.83,1194.9,7995.17
9/6/2018,6529.17,1197.9,7922.73
9/7/2018,6467.07,1193.6,7902.54
9/8/2018,6225.98,1193.6,7902.54
9/9/2018,6300.86,1193.6,7902.54
9/10/2018,6329.7,1193,7924.16
9/11/2018,6321.2,1195.4,7972.47
9/12/2018,6351.8,1204.7,7954.23
9/13/2018,6517.31,1202,8013.71
9/14/2018,6512.71,1195,8010.04
9/15/2018,6543.2,1195,8010.04
9/16/2018,6517.18,1195,8010.04
9/17/2018,6281.2,1199.7,7895.79
9/18/2018,6371.3,1196.8,7956.11
9/19/2018,6398.54,1202.2,7950.04
9/20/2018,6519.67,1206.2,8028.23
9/21/2018,6734.95,1196.2,7986.96
9/22/2018,6721.98,1196.2,7986.96
9/23/2018,6710.63,1196.2,7986.96
9/24/2018,6595.41,1199.3,7993.25
9/25/2018,6446.47,1200,8007.47
9/26/2018,6495,1194,7990.37
9/27/2018,6676.75,1182.3,8041.97
9/28/2018,6644.13,1191.5,8046.35
9/29/2018,6601.96,1191.5,8046.35
9/30/2018,6625.56,1191.5,8046.35
10/1/2018,6589.62,1187.1,8037.3
10/2/2018,6556.1,1202.4,7999.55
10/3/2018,6502.59,1198.3,8025.09
10/4/2018,6576.69,1197.2,7879.51
10/5/2018,6622.48,1201.2,7788.45
10/6/2018,6588.31,1201.2,7788.45
10/7/2018,6602.95,1201.2,7788.45
10/8/2018,6652.23,1184.4,7735.95
10/9/2018,6642.64,1187.2,7738.02
10/10/2018,6585.53,1189.3,7422.05
10/11/2018,6256.24,1223.5,7329.06
10/12/2018,6274.58,1218.1,7496.89
10/13/2018,6285.99,1218.1,7496.89
10/14/2018,6290.93,1218.1,7496.89
10/15/2018,6596.54,1226.4,7430.74
10/16/2018,6596.11,1227.3,7645.49
10/17/2018,6544.43,1223.7,7642.7
10/18/2018,6476.71,1226.5,7485.14
10/19/2018,6465.41,1225.3,7449.03
10/20/2018,6489.19,1225.3,7449.03
10/21/2018,6482.35,1225.3,7449.03
10/22/2018,6487.16,1221.2,7468.63
10/23/2018,6475.74,1233.4,7437.54
10/24/2018,6495.84,1227.8,7108.4
10/25/2018,6476.29,1229.1,7318.34
10/26/2018,6474.75,1232.5,7167.21
10/27/2018,6480.38,1232.5,7167.21
10/28/2018,6486.39,1232.5,7167.21
10/29/2018,6332.63,1224.5,7050.29
10/30/2018,6334.27,1222.6,7161.65
10/31/2018,6317.61,1212.3,7305.9
11/1/2018,6377.78,1236,7434.06
11/2/2018,6388.44,1230.9,7356.99
11/3/2018,6361.26,1230.9,7356.99
11/4/2018,6376.13,1230.9,7356.99
11/5/2018,6419.66,1229.8,7328.85
11/6/2018,6461.01,1223.8,7375.96
11/7/2018,6530.14,1226.2,7570.75
11/8/2018,6453.72,1222.9,7530.88
11/9/2018,6385.62,1206.4,7406.9
11/10/2018,6409.22,1206.4,7406.9
11/11/2018,6411.27,1206.4,7406.9
11/12/2018,6371.27,1201.3,7200.87
11/13/2018,6359.49,1199.2,7200.87
11/14/2018,5738.35,1207.9,7136.39
11/15/2018,5648.03,1212.8,7259.03
11/16/2018,5575.55,1220.8,7247.87
11/17/2018,5554.33,1220.8,7247.87
11/18/2018,5623.54,1220.8,7247.87
11/19/2018,4871.49,1223.1,7028.48
11/20/2018,4451.87,1219,6908.82
11/21/2018,4602.17,1225.8,6972.25
11/22/2018,4365.94,1225.8,6972.25
11/23/2018,4347.11,1221,6938.98
11/24/2018,3880.76,1221,6938.98
11/25/2018,4009.97,1221,6938.98
11/26/2018,3779.13,1220.2,7081.85
11/27/2018,3820.72,1211.2,7082.7
11/28/2018,4257.42,1221.4,7291.59
11/29/2018,4278.85,1224.1,7273.08
11/30/2018,4017.27,1220.2,7330.54
12/1/2018,4214.67,1220.2,7330.54
12/2/2018,4139.88,1220.2,7330.54
12/3/2018,3894.13,1233.9,7441.51
12/4/2018,3956.89,1241.1,7158.43
12/5/2018,3753.99,1241.1,7158.43
12/6/2018,3521.1,1238.1,7188.26
12/7/2018,3419.94,1246.8,6969.25
12/8/2018,3476.11,1246.8,6969.25
12/9/2018,3614.23,1246.8,6969.25
12/10/2018,3502.66,1243.7,7020.52
12/11/2018,3424.59,1241.9,7031.83
12/12/2018,3486.95,1244.4,7098.31
12/13/2018,3313.68,1242.7,7070.33
12/14/2018,3242.48,1237,6910.66
12/15/2018,3236.76,1237,6910.66
12/16/2018,3252.84,1237,6910.66
12/17/2018,3545.86,1247.4,6753.73
12/18/2018,3696.06,1249.2,6783.91
12/19/2018,3745.95,1252.1,6636.83
12/20/2018,4134.44,1263.6,6528.41
12/21/2018,3896.54,1253.8,6332.99
12/22/2018,4014.18,1253.8,6332.99
12/23/2018,3998.98,1253.8,6332.99
12/24/2018,4078.6,1267.5,6192.92
12/25/2018,3815.49,1267.5,6192.92
12/26/2018,3857.3,1269.2,6554.36
12/27/2018,3654.83,1277.3,6579.49
12/28/2018,3923.92,1279.9,6584.52
12/29/2018,3820.41,1279.9,6584.52
12/30/2018,3865.95,1279.9,6584.52
12/31/2018,3742.7,1278.3,6635.28
1/1/2019,3843.52,1278.3,6635.28
1/2/2019,3943.41,1281,6665.94
1/3/2019,3836.74,1291.8,6463.5
1/4/2019,3857.72,1282.7,6738.86
1/5/2019,3845.19,1282.7,6738.86
1/6/2019,4076.63,1282.7,6738.86
1/7/2019,4025.25,1286.8,6823.47
1/8/2019,4030.85,1283.2,6897
1/9/2019,4035.3,1289.3,6957.08
1/10/2019,3678.92,1284.7,6986.07
1/11/2019,3687.37,1287.1,6971.48
1/12/2019,3661.3,1287.1,6971.48
1/13/2019,3552.95,1287.1,6971.48
1/14/2019,3706.05,1289.1,6905.92
1/15/2019,3630.68,1286.2,7023.83
1/16/2019,3655.01,1291.6,7034.69
1/17/2019,3678.56,1291,7084.46
1/18/2019,3657.84,1281.3,7157.23
1/19/2019,3728.57,1281.3,7157.23
1/20/2019,3601.01,1281.3,7157.23
1/21/2019,3576.03,1281.3,7157.23
1/22/2019,3604.58,1282.5,7020.36
1/23/2019,3585.12,1283.1,7025.77
1/24/2019,3600.87,1279.1,7073.46
1/25/2019,3599.77,1297.4,7164.86
1/26/2019,3602.46,1297.4,7164.86
1/27/2019,3583.97,1297.4,7164.86
1/28/2019,3470.45,1302.4,7085.68
1/29/2019,3448.12,1308.2,7028.29
1/30/2019,3486.18,1309.9,7183.08
1/31/2019,3457.79,1319.7,7281.74
2/1/2019,3487.95,1316.9,7263.87
2/2/2019,3521.06,1316.9,7263.87
2/3/2019,3464.01,1316.9,7263.87
2/4/2019,3459.15,1314.3,7347.54
2/5/2019,3466.36,1314.2,7402.08
2/6/2019,3413.77,1309.5,7375.28
2/7/2019,3399.47,1309.4,7288.35
2/8/2019,3666.78,1313.7,7298.2
2/9/2019,3671.2,1313.7,7298.2
2/10/2019,3690.19,1313.7,7298.2
2/11/2019,3648.43,1307,7307.9
2/12/2019,3653.53,1309.2,7414.62
2/13/2019,3632.07,1310.8,7420.38
2/14/2019,3616.88,1309.8,7426.95
2/15/2019,3620.81,1318.1,7472.41
2/16/2019,3629.79,1318.1,7472.41
2/17/2019,3673.84,1318.1,7472.41
2/18/2019,3915.71,1318.1,7472.41
2/19/2019,3947.09,1340.1,7486.77
2/20/2019,3999.82,1343.3,7489.07
2/21/2019,3954.12,1323.5,7459.71
2/22/2019,4005.53,1329.2,7527.54
2/23/2019,4142.53,1329.2,7527.54
2/24/2019,3810.43,1329.2,7527.54
2/25/2019,3882.7,1325.9,7554.46
2/26/2019,3854.36,1325.1,7549.3
2/27/2019,3851.05,1317.7,7554.51
2/28/2019,3854.79,1312.8,7532.53
3/1/2019,3859.58,1296.4,7595.35
3/2/2019,3864.42,1296.4,7595.35
3/3/2019,3847.18,1296.4,7595.35
3/4/2019,3761.56,1284.8,7577.57
3/5/2019,3896.38,1282,7576.36
3/6/2019,3903.94,1284.9,7505.92
3/7/2019,3911.48,1283.8,7421.46
3/8/2019,3901.13,1297,7408.14
3/9/2019,3963.31,1297,7408.14
3/10/2019,3951.6,1297,7408.14
3/11/2019,3905.23,1288.8,7558.06
3/12/2019,3909.16,1296.3,7591.03
3/13/2019,3906.72,1307.5,7643.41
3/14/2019,3924.37,1293.4,7630.91
3/15/2019,3960.91,1301.8,7688.53
3/16/2019,4048.73,1301.8,7688.53
3/17/2019,4025.23,1301.8,7688.53
3/18/2019,4032.51,1300.3,7714.48
3/19/2019,4071.19,1305,7723.95
3/20/2019,4087.48,1300.5,7728.97
3/21/2019,4029.33,1306.1,7838.96
3/22/2019,4023.97,1311.6,7642.67
3/23/2019,4035.83,1311.6,7642.67
3/24/2019,4022.17,1311.6,7642.67
3/25/2019,3963.07,1321.9,7637.54
3/26/2019,3985.08,1314.3,7691.52
3/27/2019,4087.07,1309.9,7643.38
3/28/2019,4069.11,1289.8,7669.17
3/29/2019,4098.37,1293,7729.32
3/30/2019,4106.66,1293,7729.32
3/31/2019,4105.4,1293,7729.32
4/1/2019,4158.18,1288.4,7828.91
4/2/2019,4879.88,1290,7848.69
4/3/2019,4973.02,1289.9,7895.55
4/4/2019,4922.8,1289,7891.78
4/5/2019,5036.68,1290.4,7938.69
4/6/2019,5059.82,1290.4,7938.69
4/7/2019,5198.9,1290.4,7938.69
4/8/2019,5289.77,1297.1,7953.88
4/9/2019,5204.96,1303.5,7909.28
4/10/2019,5324.55,1309.1,7964.24
4/11/2019,5064.49,1288.6,7947.36
4/12/2019,5089.54,1290.6,7984.16
4/13/2019,5096.59,1290.6,7984.16
4/14/2019,5167.72,1290.6,7984.16
4/15/2019,5067.11,1286.8,7976.01
4/16/2019,5235.56,1272.6,8000.23
4/17/2019,5251.94,1272.2,7996.08
4/18/2019,5298.39,1271.9,7998.06
4/19/2019,5303.81,1271.9,7998.06
4/20/2019,5337.89,1271.9,7998.06
4/21/2019,5314.53,1271.9,7998.06
4/22/2019,5399.37,1273.5,8015.27
4/23/2019,5572.36,1269.3,8120.82
4/24/2019,5464.87,1275.5,8102.01
4/25/2019,5210.52,1275.8,8118.68
4/26/2019,5279.35,1284.9,8146.4
4/27/2019,5268.29,1284.9,8146.4
4/28/2019,5285.14,1284.9,8146.4
4/29/2019,5247.35,1278.6,8161.85
4/30/2019,5350.73,1282.8,8095.39
5/1/2019,5402.7,1281.4,8049.64
5/2/2019,5505.28,1269.7,8036.77
5/3/2019,5768.29,1279.2,8164
5/4/2019,5831.17,1279.2,8164
5/5/2019,5795.71,1279.2,8164
5/6/2019,5746.81,1281.7,8123.29
5/7/2019,5829.5,1283.5,7963.76
5/8/2019,5982.46,1279.4,7943.32
5/9/2019,6174.53,1283.5,7910.59
5/10/2019,6378.85,1285.7,7916.94
5/11/2019,7204.77,1285.7,7916.94
5/12/2019,6972.37,1285.7,7916.94
5/13/2019,7814.92,1300.1,7647.02
5/14/2019,7994.42,1294.7,7734.49
5/15/2019,8205.17,1296.3,7822.15
5/16/2019,7884.91,1285,7898.05
5/17/2019,7343.9,1274.5,7816.28
5/18/2019,7271.21,1274.5,7816.28
5/19/2019,8197.69,1274.5,7816.28
5/20/2019,7978.31,1276.1,7702.38
5/21/2019,7963.33,1272,7785.72
5/22/2019,7680.07,1273.6,7750.84
5/23/2019,7881.85,1284.8,7628.28
5/24/2019,7987.37,1283,7637.01
5/25/2019,8052.54,1283,7637.01
5/26/2019,8673.22,1283,7637.01
5/27/2019,8805.78,1283,7637.01
5/28/2019,8719.96,1276.5,7607.35
5/29/2019,8659.49,1280.6,7547.31
5/30/2019,8319.47,1287.1,7567.72
5/31/2019,8574.5,1305.8,7453.15
6/1/2019,8564.02,1305.8,7453.15
6/2/2019,8742.96,1305.8,7453.15
6/3/2019,8208.99,1322.7,7333.02
6/4/2019,7707.77,1323.4,7527.12
6/5/2019,7824.23,1328.3,7575.48
6/6/2019,7822.02,1337.6,7615.55
6/7/2019,8043.95,1341.2,7742.1
6/8/2019,7954.13,1341.2,7742.1
6/9/2019,7688.08,1341.2,7742.1
6/10/2019,8000.33,1324.7,7823.17
6/11/2019,7927.71,1326.4,7822.57
6/12/2019,8145.86,1331.9,7792.72
6/13/2019,8230.92,1339.2,7837.13
6/14/2019,8693.83,1340.1,7796.66
6/15/2019,8838.38,1340.1,7796.66
6/16/2019,8994.49,1340.1,7796.66
6/17/2019,9320.35,1338.7,7845.02
6/18/2019,9081.76,1346.6,7953.88
6/19/2019,9273.52,1344.6,7987.32
6/20/2019,9527.16,1392.9,8051.34
6/21/2019,10144.56,1396.2,8031.71
6/22/2019,10701.69,1396.2,8031.71
6/23/2019,10855.37,1396.2,8031.71
6/24/2019,11011.1,1414.3,8005.7
6/25/2019,11790.92,1414.9,7884.72
6/26/2019,13016.23,1411.6,7909.97
6/27/2019,11182.81,1408.4,7967.76
6/28/2019,12407.33,1409.7,8006.24
6/29/2019,11959.37,1409.7,8006.24
6/30/2019,10817.16,1409.7,8006.24
7/1/2019,10583.13,1385.6,8091.16
7/2/2019,10801.68,1404.6,8109.09
7/3/2019,11961.27,1417.7,8170.23
7/4/2019,11215.44,1417.7,8170.23
7/5/2019,10978.46,1396.7,8161.79
7/6/2019,11208.55,1396.7,8161.79
7/7/2019,11450.85,1396.7,8161.79
7/8/2019,12285.96,1397,8098.38
7/9/2019,12573.81,1397.5,8141.73
7/10/2019,12156.51,1410.1,8202.53
7/11/2019,11358.66,1404.3,8196.04
7/12/2019,11815.99,1409.9,8244.14
7/13/2019,11392.38,1409.9,8244.14
7/14/2019,10256.06,1409.9,8244.14
7/15/2019,10895.09,1411.4,8258.19
7/16/2019,9477.64,1409.2,8222.8
7/17/2019,9693.8,1421.3,8185.21
7/18/2019,10666.48,1426.1,8207.24
7/19/2019,10530.73,1425.1,8146.49
7/20/2019,10767.14,1425.1,8146.49
7/21/2019,10599.11,1425.1,8146.49
7/22/2019,10343.11,1425.3,8204.14
7/23/2019,9900.77,1420.1,8251.4
7/24/2019,9811.93,1422.8,8321.5
7/25/2019,9911.84,1413.9,8238.54
7/26/2019,9870.3,1418.5,8330.21
7/27/2019,9477.68,1418.5,8330.21
7/28/2019,9552.86,1418.5,8330.21
7/29/2019,9519.15,1419.6,8293.33
7/30/2019,9607.42,1429.7,8273.61
7/31/2019,10085.63,1426.1,8175.42
8/1/2019,10399.67,1420.9,8111.12
8/2/2019,10518.17,1445.6,8004.07
8/3/2019,10821.73,1445.6,8004.07
8/4/2019,10970.18,1445.6,8004.07
8/5/2019,11805.65,1464.6,7726.04
8/6/2019,11478.17,1472.4,7833.27
8/7/2019,11941.97,1507.3,7862.83
8/8/2019,11966.41,1497.7,8039.16
8/9/2019,11862.94,1496.6,7959.14
8/10/2019,11354.02,1496.6,7959.14
8/11/2019,11523.58,1496.6,7959.14
8/12/2019,11382.62,1505.3,7863.41
8/13/2019,10895.83,1502.2,8016.36
8/14/2019,10051.7,1515.9,7773.94
8/15/2019,10311.55,1519.6,7766.62
8/16/2019,10374.34,1512.5,7895.99
8/17/2019,10231.74,1512.5,7895.99
8/18/2019,10345.81,1512.5,7895.99
8/19/2019,10916.05,1500.4,8002.81
8/20/2019,10763.23,1504.6,7948.56
8/21/2019,10138.05,1504.6,8020.21
8/22/2019,10131.06,1497.3,7991.39
8/23/2019,10407.97,1526.6,7751.77
8/24/2019,10159.96,1526.6,7751.77
8/25/2019,10138.52,1526.6,7751.77
8/26/2019,10370.82,1526.3,7853.74
8/27/2019,10185.5,1541,7826.95
8/28/2019,9754.42,1537.8,7856.88
8/29/2019,9510.2,1526.5,7973.39
8/30/2019,9598.17,1519.1,7962.88
8/31/2019,9630.66,1519.1,7962.88
9/1/2019,9757.97,1519.1,7962.88
9/2/2019,10346.76,1519.1,7962.88
9/3/2019,10623.54,1545.9,7874.16
9/4/2019,10594.49,1550.3,7976.88
9/5/2019,10575.53,1515.4,8116.83
9/6/2019,10353.3,1506.2,8103.07
9/7/2019,10517.25,1506.2,8103.07
9/8/2019,10441.28,1506.2,8103.07
9/9/2019,10334.97,1502.2,8087.44
9/10/2019,10115.98,1490.3,8084.16
9/11/2019,10178.37,1494.4,8169.68
9/12/2019,10410.13,1498.7,8194.47
9/13/2019,10360.55,1490.9,8176.71
9/14/2019,10358.05,1490.9,8176.71
9/15/2019,10347.71,1490.9,8176.71
9/16/2019,10276.79,1503.1,8153.54
9/17/2019,10241.27,1505.1,8186.02
9/18/2019,10198.25,1507.5,8177.39
9/19/2019,10266.41,1498.4,8182.88
9/20/2019,10181.64,1507.3,8117.67
9/21/2019,10019.72,1507.3,8117.67
9/22/2019,10070.39,1507.3,8117.67
9/23/2019,9729.32,1523.7,8112.46
9/24/2019,8620.57,1532.1,7993.63
9/25/2019,8486.99,1504.6,8077.38
9/26/2019,8118.97,1507.5,8030.66
9/27/2019,8251.85,1499.1,7939.63
9/28/2019,8245.92,1499.1,7939.63
9/29/2019,8104.19,1499.1,7939.63
9/30/2019,8293.87,1465.7,7999.34
10/1/2019,8343.28,1482,7908.68
10/2/2019,8393.04,1501,7785.25
10/3/2019,8259.99,1507.1,7872.26
10/4/2019,8205.94,1506.2,7982.47
10/5/2019,8151.5,1506.2,7982.47
10/6/2019,7988.16,1506.2,7982.47
10/7/2019,8245.62,1497.7,7956.29
10/8/2019,8228.78,1497.2,7823.78
10/9/2019,8595.74,1506.1,7903.74
10/10/2019,8586.47,1494.8,7950.78
10/11/2019,8321.76,1482.7,8057.04
10/12/2019,8336.56,1482.7,8057.04
10/13/2019,8321.01,1482.7,8057.04
10/14/2019,8374.69,1491.7,8048.65
10/15/2019,8205.37,1477.6,8148.71
10/16/2019,8047.53,1488,8124.18
10/17/2019,8103.91,1492.3,8156.85
10/18/2019,7973.21,1488.2,8089.54
10/19/2019,7988.56,1488.2,8089.54
10/20/2019,8222.08,1488.2,8089.54
10/21/2019,8243.72,1482.4,8162.99
10/22/2019,8078.2,1481.7,8104.3
10/23/2019,7514.67,1489.9,8119.79
10/24/2019,7493.49,1498.9,8185.8
10/25/2019,8660.7,1499.5,8243.12
10/26/2019,9244.97,1499.5,8243.12
10/27/2019,9551.71,1499.5,8243.12
10/28/2019,9256.15,1490,8325.99
10/29/2019,9427.69,1487,8276.85
10/30/2019,9205.73,1493.2,8303.98
10/31/2019,9199.58,1511.4,8292.36
11/1/2019,9261.1,1508,8386.4
11/2/2019,9324.72,1508,8386.4
11/3/2019,9235.35,1508,8386.4
11/4/2019,9412.61,1508,8433.2
11/5/2019,9342.53,1480.8,8434.68
11/6/2019,9360.88,1490.2,8410.63
11/7/2019,9267.56,1464.2,8434.52
11/8/2019,8804.88,1461.3,8475.31
11/9/2019,8813.58,1461.3,8475.31
11/10/2019,9055.53,1461.3,8475.31
11/11/2019,8757.79,1455.5,8464.28
11/12/2019,8815.66,1452.1,8486.09
11/13/2019,8808.26,1461.7,8482.1
11/14/2019,8708.1,1471.8,8479.02
11/15/2019,8491.99,1467.3,8540.83
11/16/2019,8550.76,1467.3,8540.83
11/17/2019,8577.98,1467.3,8540.83
11/18/2019,8309.29,1470.9,8549.94
11/19/2019,8206.15,1473.3,8570.66
11/20/2019,8027.27,1473.3,8526.73
11/21/2019,7642.75,1463.1,8506.21
11/22/2019,7296.58,1463.1,8519.88
11/23/2019,7397.8,1463.1,8519.88
11/24/2019,7047.92,1463.1,8519.88
11/25/2019,7146.13,1456.6,8632.49
11/26/2019,7218.37,1459.8,8647.93
11/27/2019,7531.66,1453.4,8705.18
11/28/2019,7463.11,1453.4,8705.18
11/29/2019,7761.24,1465.6,8665.47
11/30/2019,7569.63,1465.6,8665.47
12/1/2019,7424.29,1465.6,8665.47
12/2/2019,7321.99,1462.3,8567.99
12/3/2019,7320.15,1478.2,8520.64
12/4/2019,7252.03,1474,8566.67
12/5/2019,7448.31,1476.9,8570.7
12/6/2019,7547,1459.1,8656.53
12/7/2019,7556.24,1459.1,8656.53
12/8/2019,7564.35,1459.1,8656.53
12/9/2019,7400.9,1459.3,8621.83
12/10/2019,7278.12,1462.6,8616.18
12/11/2019,7217.43,1469.4,8654.05
12/12/2019,7243.13,1466.7,8717.32
12/13/2019,7269.68,1475.6,8734.88
12/14/2019,7124.67,1475.6,8734.88
12/15/2019,7152.3,1475.6,8734.88
12/16/2019,6932.48,1475,8814.23
12/17/2019,6640.52,1474.6,8823.36
12/18/2019,7276.8,1472.6,8827.74
12/19/2019,7202.84,1478.2,8887.22
12/20/2019,7218.82,1474.7,8924.96
12/21/2019,7191.16,1474.7,8924.96
12/22/2019,7511.59,1474.7,8924.96
12/23/2019,7355.63,1482.5,8945.65
12/24/2019,7322.53,1499.1,8952.88
12/25/2019,7275.16,1499.1,8952.88
12/26/2019,7238.97,1509.3,9022.39
12/27/2019,7290.09,1513.8,9006.62
12/28/2019,7317.99,1513.8,9006.62
12/29/2019,7422.65,1513.8,9006.62
12/30/2019,7293,1514.5,8945.99
12/31/2019,7193.6,1519.5,8972.6
1/1/2020,7200.17,1519.5,8972.6
1/2/2020,6985.47,1524.5,9092.19
1/3/2020,7344.88,1549.2,9020.77
1/4/2020,7410.66,1549.2,9020.77
1/5/2020,7411.32,1549.2,9020.77
1/6/2020,7769.22,1566.2,9071.47
1/7/2020,8163.69,1571.8,9068.58
1/8/2020,8079.86,1557.4,9129.24
1/9/2020,7879.07,1551.7,9203.43
1/10/2020,8166.55,1557.5,9178.86
1/11/2020,8037.54,1557.5,9178.86
1/12/2020,8192.49,1557.5,9178.86
1/13/2020,8144.19,1548.4,9273.93
1/14/2020,8827.76,1542.4,9251.33
1/15/2020,8807.01,1552.1,9258.7
1/16/2020,8723.79,1549,9357.13
1/17/2020,8929.04,1558.8,9388.94
1/18/2020,8942.81,1558.8,9388.94
1/19/2020,8706.25,1558.8,9388.94
1/20/2020,8657.64,1558.8,9388.94
1/21/2020,8745.89,1556.4,9370.81
1/22/2020,8680.88,1555.3,9383.77
1/23/2020,8406.52,1564.6,9402.48
1/24/2020,8445.43,1571.1,9314.91
1/25/2020,8367.85,1571.1,9314.91
1/26/2020,8596.83,1571.1,9314.91
1/27/2020,8909.82,1576.8,9139.31
1/28/2020,9358.59,1569.2,9269.68
1/29/2020,9316.63,1569.8,9275.16
1/30/2020,9508.99,1583.5,9298.93
1/31/2020,9350.53,1582.9,9150.94
2/1/2020,9392.88,1582.9,9150.94
2/2/2020,9344.37,1582.9,9150.94
2/3/2020,9293.52,1577.2,9273.4
2/4/2020,9180.96,1550.4,9467.97
2/5/2020,9613.42,1557.8,9508.68
2/6/2020,9729.8,1565.1,9572.15
2/7/2020,9795.94,1568.6,9520.51
2/8/2020,9865.12,1568.6,9520.51
2/9/2020,10116.67,1568.6,9520.51
2/10/2020,9856.61,1574.7,9628.39
2/11/2020,10208.24,1565.6,9638.94
2/12/2020,10326.05,1567.4,9725.96
2/13/2020,10214.38,1575.1,9711.97
2/14/2020,10312.12,1582.7,9731.18
2/15/2020,9889.42,1582.7,9731.18
2/16/2020,9934.43,1582.7,9731.18
2/17/2020,9690.14,1582.7,9731.18
2/18/2020,10142,1600,9732.74
2/19/2020,9633.39,1607.5,9817.18
2/20/2020,9608.48,1616.6,9750.97
2/21/2020,9686.44,1644.6,9576.59
2/22/2020,9663.18,1644.6,9576.59
2/23/2020,9924.52,1644.6,9576.59
2/24/2020,9650.17,1672.4,9221.28
2/25/2020,9341.71,1646.9,8965.61
2/26/2020,8820.52,1640,8980.78
2/27/2020,8784.49,1640,8566.48
2/28/2020,8672.46,1564.1,8567.37
2/29/2020,8599.51,1564.1,8567.37
3/1/2020,8562.45,1564.1,8567.37
3/2/2020,8869.67,1592.3,8952.17
3/3/2020,8787.79,1642.1,8684.09
3/4/2020,8755.25,1641.1,9018.09
3/5/2020,9078.76,1666.4,8738.59
3/6/2020,9122.55,1670.8,8575.62
3/7/2020,8909.95,1670.8,8575.62
3/8/2020,8108.12,1670.8,8575.62
3/9/2020,7923.64,1674.5,7950.68
3/10/2020,7909.73,1659.1,8344.25
3/11/2020,7911.43,1641.4,7952.05
3/12/2020,4970.79,1589.3,7201.8
3/13/2020,5563.71,1515.7,7874.88
3/14/2020,5200.37,1515.7,7874.88
3/15/2020,5392.31,1515.7,7874.88
3/16/2020,5014.48,1485.9,6904.59
3/17/2020,5225.63,1524.9,7334.78
3/18/2020,5238.44,1477.3,6989.84
3/19/2020,6191.19,1478.6,7150.58
3/20/2020,6198.78,1484,6879.52
3/21/2020,6185.07,1484,6879.52
3/22/2020,5830.25,1484,6879.52
3/23/2020,6416.31,1567,6860.67
3/24/2020,6734.8,1660.2,7417.86
3/25/2020,6681.06,1632.3,7384.3
3/26/2020,6716.44,1650.1,7797.54
3/27/2020,6469.8,1623.9,7502.38
3/28/2020,6242.19,1623.9,7502.38
3/29/2020,5922.04,1623.9,7502.38
3/30/2020,6429.84,1622,7774.15
3/31/2020,6438.64,1583.4,7700.1
4/1/2020,6606.78,1578.2,7360.58
4/2/2020,6793.62,1625.7,7487.31
4/3/2020,6733.39,1633.7,7373.08
4/4/2020,6867.53,1633.7,7373.08
4/5/2020,6791.13,1633.7,7373.08
4/6/2020,7271.78,1677,7913.24
4/7/2020,7176.41,1664.8,7887.26
4/8/2020,7334.1,1665.4,8090.9
4/9/2020,7302.09,1736.2,8153.58
4/10/2020,6865.49,1736.2,8153.58
4/11/2020,6859.08,1736.2,8153.58
4/12/2020,6971.09,1736.2,8153.58
4/13/2020,6845.04,1744.8,8192.42
4/14/2020,6842.43,1756.7,8515.74
4/15/2020,6642.11,1727.2,8393.18
4/16/2020,7116.8,1720.4,8532.36
4/17/2020,7096.18,1689.2,8650.14
4/18/2020,7257.66,1689.2,8650.14
4/19/2020,7189.42,1689.2,8650.14
4/20/2020,6881.96,1701.6,8560.73
4/21/2020,6880.32,1678.2,8263.23
4/22/2020,7117.21,1728.7,8495.38
4/23/2020,7429.72,1733.3,8494.75
4/24/2020,7550.9,1723.5,8634.52
4/25/2020,7569.94,1723.5,8634.52
4/26/2020,7679.87,1723.5,8634.52
4/27/2020,7795.6,1711.9,8730.16
4/28/2020,7807.06,1710.5,8607.73
4/29/2020,8801.04,1703.4,8914.71
4/30/2020,8658.55,1684.2,8889.55
5/1/2020,8864.77,1694.5,8604.95
5/2/2020,8988.6,1694.5,8604.95
5/3/2020,8897.47,1694.5,8604.95
5/4/2020,8912.65,1706.9,8710.71
5/5/2020,9003.07,1704.4,8809.12
5/6/2020,9268.76,1684.2,8854.39
5/7/2020,9951.52,1721.8,8979.66
5/8/2020,9842.67,1709.9,9121.32
5/9/2020,9593.9,1709.9,9121.32
5/10/2020,8756.43,1709.9,9121.32
5/11/2020,8601.8,1695.3,9192.34
5/12/2020,8804.48,1704.4,9002.55
5/13/2020,9269.99,1713.9,8863.17
5/14/2020,9733.72,1738.1,8943.72
5/15/2020,9328.2,1753.4,9014.56
5/16/2020,9377.01,1753.4,9014.56
5/17/2020,9670.74,1753.4,9014.56
5/18/2020,9726.57,1731.8,9234.83
5/19/2020,9729.04,1744.2,9185.1
5/20/2020,9522.98,1750.6,9375.78
5/21/2020,9081.76,1720.5,9284.88
5/22/2020,9182.58,1734.6,9324.59
5/23/2020,9209.29,1734.6,9324.59
5/24/2020,8790.37,1734.6,9324.59
5/25/2020,8906.93,1734.6,9324.59
5/26/2020,8835.05,1704.8,9340.22
5/27/2020,9181.02,1710.3,9412.36
5/28/2020,9525.75,1713.3,9368.99
5/29/2020,9439.12,1736.9,9489.87
5/30/2020,9700.41,1736.9,9489.87
5/31/2020,9461.06,1736.9,9489.87
6/1/2020,10167.27,1737.8,9552.05
6/2/2020,9529.8,1725.2,9608.38
6/3/2020,9656.72,1697.8,9682.91
6/4/2020,9800.64,1718.9,9615.81
6/5/2020,9665.53,1676.2,9814.08
6/6/2020,9653.68,1676.2,9814.08
6/7/2020,9758.85,1676.2,9814.08
6/8/2020,9771.49,1698.3,9924.75
6/9/2020,9795.7,1714.7,9953.75
6/10/2020,9870.09,1713.3,10020.35
6/11/2020,9321.78,1732,9492.73
6/12/2020,9480.84,1729.3,9588.81
6/13/2020,9475.28,1729.3,9588.81
6/14/2020,9386.79,1729.3,9588.81
6/15/2020,9450.7,1720.3,9726.02
6/16/2020,9538.02,1729.6,9895.87
6/17/2020,9480.26,1729.2,9910.53
6/18/2020,9411.84,1724.8,9943.05
6/19/2020,9288.02,1745.9,9946.12
6/20/2020,9332.34,1745.9,9946.12
6/21/2020,9303.63,1745.9,9946.12
6/22/2020,9648.72,1756.7,10056.48
6/23/2020,9629.66,1772.1,10131.37
6/24/2020,9313.61,1765.8,9909.17
6/25/2020,9264.81,1762.1,10017
6/26/2020,9162.92,1772.5,9757.22
6/27/2020,9045.39,1772.5,9757.22
6/28/2020,9143.58,1772.5,9757.22
6/29/2020,9190.85,1774.8,9874.15
6/30/2020,9137.99,1793,10058.77
7/1/2020,9228.33,1773.2,10154.63
7/2/2020,9123.41,1784,10207.63
7/3/2020,9087.3,1784,10207.63
7/4/2020,9132.49,1784,10207.63
7/5/2020,9073.94,1784,10207.63
7/6/2020,9375.47,1788.5,10433.65
7/7/2020,9252.28,1804.2,10343.89
7/8/2020,9428.33,1815.5,10492.5
7/9/2020,9277.97,1799.2,10547.75
7/10/2020,9278.81,1798.2,10617.44
7/11/2020,9240.35,1798.2,10617.44
7/12/2020,9276.5,1798.2,10617.44
7/13/2020,9243.61,1811,10390.84
7/14/2020,9243.21,1810.6,10488.58
7/15/2020,9192.84,1811.4,10550.49
7/16/2020,9132.23,1798.7,10473.83
7/17/2020,9151.39,1808.3,10503.19
7/18/2020,9159.04,1808.3,10503.19
7/19/2020,9185.82,1808.3,10503.19
7/20/2020,9164.23,1815.9,10767.09
7/21/2020,9374.89,1842.4,10680.36
7/22/2020,9525.36,1864.1,10706.13
7/23/2020,9581.07,1889.1,10461.42
7/24/2020,9536.89,1897.3,10363.18
7/25/2020,9677.11,1897.3,10363.18
7/26/2020,9905.17,1897.3,10363.18
7/27/2020,10990.87,1931,10536.27
7/28/2020,10912.82,1944.7,10402.09
7/29/2020,11100.47,1953.5,10542.94
7/30/2020,11111.21,1942.3,10587.81
7/31/2020,11323.47,1962.8,10745.27
8/1/2020,11759.59,1962.8,10745.27
8/2/2020,11053.61,1962.8,10745.27
8/3/2020,11246.35,1966,10902.8
8/4/2020,11205.89,2001.2,10941.17
8/5/2020,11747.02,2031.1,10998.4
8/6/2020,11779.77,2051.5,11108.07
8/7/2020,11601.47,2010.1,11010.98
8/8/2020,11754.05,2010.1,11010.98
8/9/2020,11675.74,2010.1,11010.98
8/10/2020,11878.11,2024.4,10968.36
8/11/2020,11410.53,1932.6,10782.82
8/12/2020,11584.93,1934.9,11012.24
8/13/2020,11784.14,1956.7,11042.5
8/14/2020,11768.87,1937,11019.3
8/15/2020,11865.7,1937,11019.3
8/16/2020,11892.8,1937,11019.3
8/17/2020,12254.4,1985,11129.73
8/18/2020,11991.23,1999.4,11210.84
8/19/2020,11758.28,1958.7,11146.46
8/20/2020,11878.37,1933.8,11264.95
8/21/2020,11592.49,1934.6,11311.8
8/22/2020,11681.83,1934.6,11311.8
8/23/2020,11664.85,1934.6,11311.8
8/24/2020,11774.6,1927.7,11379.72
8/25/2020,11366.14,1911.8,11466.47
8/26/2020,11488.36,1940.7,11665.06
8/27/2020,11323.4,1921.6,11625.34
8/28/2020,11542.5,1964.6,11695.63
8/29/2020,11506.87,1964.6,11695.63
8/30/2020,11711.51,1964.6,11695.63
8/31/2020,11680.82,1967.6,11775.46
9/1/2020,11970.48,1968.2,11939.67
9/2/2020,11414.03,1934.4,12056.44
9/3/2020,10245.3,1927.6,11458.1
9/4/2020,10511.81,1923.9,11313.13
9/5/2020,10169.57,1923.9,11313.13
9/6/2020,10280.35,1923.9,11313.13
9/7/2020,10369.56,1923.9,11313.13
9/8/2020,10131.52,1933,10847.69
9/9/2020,10242.35,1944.7,11141.56
9/10/2020,10363.14,1954.2,10919.59
9/11/2020,10400.91,1937.8,10853.55
9/12/2020,10442.17,1937.8,10853.55
9/13/2020,10323.76,1937.8,10853.55
9/14/2020,10680.84,1953.1,11056.65
9/15/2020,10796.95,1956.3,11190.32
9/16/2020,10974.9,1960.2,11050.47
9/17/2020,10948.99,1940,10910.28
9/18/2020,10944.59,1952.1,10793.28
9/19/2020,11094.35,1952.1,10793.28
9/20/2020,10938.27,1952.1,10793.28
9/21/2020,10462.26,1901.2,10778.8
9/22/2020,10538.46,1898.6,10963.64
9/23/2020,10246.19,1859.9,10632.99
9/24/2020,10760.07,1868.3,10672.27
9/25/2020,10692.72,1857.7,10913.56
9/26/2020,10750.72,1857.7,10913.56
9/27/2020,10775.27,1857.7,10913.56
9/28/2020,10709.65,1872.8,11117.53
9/29/2020,10844.64,1894.3,11085.25
9/30/2020,10784.49,1887.5,11167.51
10/1/2020,10619.45,1908.4,11326.51
10/2/2020,10575.98,1900.2,11075.02
10/3/2020,10549.33,1900.2,11075.02
10/4/2020,10669.58,1900.2,11075.02
10/5/2020,10793.34,1912.5,11332.49
10/6/2020,10604.41,1901.1,11154.6
10/7/2020,10668.97,1883.6,11364.6
10/8/2020,10915.69,1888.6,11420.98
10/9/2020,11064.46,1919.5,11579.94
10/10/2020,11296.36,1919.5,11579.94
10/11/2020,11384.18,1919.5,11579.94
10/12/2020,11555.36,1922.5,11876.26
10/13/2020,11425.9,1888.5,11863.9
10/14/2020,11429.51,1901.3,11768.73
10/15/2020,11495.35,1903.2,11713.87
10/16/2020,11322.12,1900.8,11671.56
10/17/2020,11358.1,1900.8,11671.56
10/18/2020,11483.36,1900.8,11671.56
10/19/2020,11742.04,1906.4,11478.88
10/20/2020,11916.34,1910.4,11516.49
10/21/2020,12823.69,1924.6,11484.69
10/22/2020,12965.89,1901.1,11506.01
10/23/2020,12931.54,1902,11548.28
10/24/2020,13108.06,1902,11548.28
10/25/2020,13031.17,1902,11548.28
10/26/2020,13075.25,1902.7,11358.94
10/27/2020,13654.22,1908.8,11431.35
10/28/2020,13271.29,1876.2,11004.87
10/29/2020,13437.88,1865.6,11185.59
10/30/2020,13546.52,1877.4,10911.59
10/31/2020,13780.99,1877.4,10911.59
11/1/2020,13737.11,1877.4,10911.59
11/2/2020,13550.49,1890.4,10957.61
11/3/2020,13950.3,1908.5,11160.57
11/4/2020,14133.71,1894.6,11590.78
11/5/2020,15579.85,1945.3,11890.93
11/6/2020,15565.88,1950.3,11895.23
11/7/2020,14833.75,1950.3,11895.23
11/8/2020,15479.57,1950.3,11895.23
11/9/2020,15332.32,1853.2,11713.78
11/10/2020,15290.9,1875.4,11553.86
11/11/2020,15701.34,1860.7,11786.43
11/12/2020,16276.34,1872.6,11709.59
11/13/2020,16317.81,1885.7,11829.29
11/14/2020,16068.14,1885.7,11829.29
11/15/2020,15955.59,1885.7,11829.29
11/16/2020,16716.11,1887.3,11924.13
11/17/2020,17645.41,1884.5,11899.34
11/18/2020,17804.01,1873.5,11801.6
11/19/2020,17817.09,1861.1,11904.71
11/20/2020,18621.31,1872.6,11854.97
11/21/2020,18642.23,1872.6,11854.97
11/22/2020,18370,1872.6,11854.97
11/23/2020,18364.12,1837.8,11880.63
11/24/2020,19107.46,1804.8,12036.79
11/25/2020,18732.12,1805.7,12094.4
11/26/2020,17150.62,1805.7,12094.4
11/27/2020,17108.4,1781.9,12205.85
11/28/2020,17717.42,1781.9,12205.85
11/29/2020,18177.48,1781.9,12205.85
11/30/2020,19625.84,1775.7,12198.74
12/1/2020,18803,1814.1,12355.11
12/2/2020,19201.09,1825.7,12349.37
12/3/2020,19445.4,1836.8,12377.18
12/4/2020,18699.77,1835.9,12464.23
12/5/2020,19154.23,1835.9,12464.23
12/6/2020,19345.12,1835.9,12464.23
12/7/2020,19191.63,1861.8,12519.95
12/8/2020,18321.14,1870.8,12582.77
12/9/2020,18553.92,1834.6,12338.95
12/10/2020,18264.99,1833.6,12405.81
12/11/2020,18058.9,1839.8,12377.87
12/12/2020,18803.66,1839.8,12377.87
12/13/2020,19142.38,1839.8,12377.87
12/14/2020,19246.64,1828.7,12440.04
12/15/2020,19417.08,1852.3,12595.06
12/16/2020,21310.6,1856.1,12658.19
12/17/2020,22805.16,1887.2,12764.75
12/18/2020,23137.96,1885.7,12755.64
12/19/2020,23869.83,1885.7,12755.64
12/20/2020,23477.3,1885.7,12755.64
12/21/2020,22803.08,1879.2,12742.52
12/22/2020,23783.03,1866.6,12807.92
12/23/2020,23241.34,1874.7,12771.11
12/24/2020,23735.95,1879.9,12804.73
12/25/2020,24664.79,1879.9,12804.73
12/26/2020,26437.04,1879.9,12804.73
12/27/2020,26272.29,1879.9,12804.73
12/28/2020,27084.81,1877.2,12899.42
12/29/2020,27362.44,1879.7,12850.22
12/30/2020,28840.95,1891,12870
12/31/2020,29001.72,1893.1,12888.28
1/1/2021,29374.15,1893.1,12888.28
1/2/2021,32127.27,1893.1,12888.28
1/3/2021,32782.02,1893.1,12888.28
1/4/2021,31971.91,1944.7,12698.45
1/5/2021,33992.43,1952.7,12818.96
1/6/2021,36824.36,1906.9,12740.79
1/7/2021,39371.04,1912.3,13067.48
1/8/2021,40797.61,1834.1,13201.98
1/9/2021,40254.55,1834.1,13201.98
1/10/2021,38356.44,1834.1,13201.98
1/11/2021,35566.66,1849.6,13036.43
1/12/2021,33922.96,1842.9,13072.43
1/13/2021,37316.36,1853.6,13128.95
1/14/2021,39187.33,1850.3,13112.64
1/15/2021,36825.37,1829.3,12998.5
1/16/2021,36178.14,1829.3,12998.5
1/17/2021,35791.28,1829.3,12998.5
1/18/2021,36630.08,1829.3,12998.5
1/19/2021,36069.81,1839.5,13197.18
1/20/2021,35547.75,1865.9,13457.25
1/21/2021,30825.7,1865.3,13530.91
1/22/2021,33005.76,1855.7,13543.06
1/23/2021,32067.64,1855.7,13543.06
1/24/2021,32289.38,1855.7,13543.06
1/25/2021,32366.39,1854.9,13635.99
1/26/2021,32569.85,1850.7,13626.06
1/27/2021,30432.55,1844.9,13270.6
1/28/2021,33466.1,1837.9,13337.16
1/29/2021,34316.39,1847.3,13070.69
1/30/2021,34269.52,1847.3,13070.69
1/31/2021,33114.36,1847.3,13070.69
2/1/2021,33537.18,1860.8,13403.39
2/2/2021,35510.29,1830.5,13612.78
2/3/2021,37472.09,1832.2,13610.54
2/4/2021,36926.06,1788.9,13777.74
2/5/2021,38144.31,1810.9,13856.3
2/6/2021,39266.01,1810.9,13856.3
2/7/2021,38903.44,1810.9,13856.3
2/8/2021,46196.46,1831.9,13987.64
2/9/2021,46481.1,1835.3,14007.7
2/10/2021,44918.18,1840.6,13972.53
2/11/2021,47909.33,1824.9,14025.77
2/12/2021,47504.85,1821.6,14095.47
2/13/2021,47105.52,1821.6,14095.47
2/14/2021,48717.29,1821.6,14095.47
2/15/2021,47945.06,1821.6,14095.47
2/16/2021,49199.87,1797.2,14047.5
2/17/2021,52149.01,1771.1,13965.49
2/18/2021,51679.8,1773.4,13865.36
2/19/2021,55888.13,1775.8,13874.46
2/20/2021,56099.52,1775.8,13874.46
2/21/2021,57539.94,1775.8,13874.46
2/22/2021,54207.32,1806.7,13533.05
2/23/2021,48824.43,1804.4,13465.2
2/24/2021,49705.33,1796.4,13597.97
2/25/2021,47093.85,1774.4,13119.43
2/26/2021,46339.76,1728.1,13192.35
2/27/2021,46188.45,1728.1,13192.35
2/28/2021,45137.77,1728.1,13192.35
3/1/2021,49631.24,1722.5,13588.83
3/2/2021,48378.99,1733.1,13358.79
3/3/2021,50538.24,1715.3,12997.75
3/4/2021,48561.17,1700.2,12723.47
3/5/2021,48927.3,1698,12920.15
3/6/2021,48912.38,1698,12920.15
3/7/2021,51206.69,1698,12920.15
3/8/2021,52246.52,1677.7,12609.16
3/9/2021,54824.12,1716.6,13073.82
3/10/2021,56008.55,1721.5,13068.83
3/11/2021,57805.12,1722.3,13398.67
3/12/2021,57332.09,1719.5,13319.86
3/13/2021,61243.08,1719.5,13319.86
3/14/2021,59302.32,1719.5,13319.86
3/15/2021,55907.2,1728.9,13459.71
3/16/2021,56804.9,1730.6,13471.57
3/17/2021,58870.89,1726.8,13525.2
3/18/2021,57858.92,1732.2,13116.17
3/19/2021,58346.65,1741.4,13215.24
3/20/2021,58313.64,1741.4,13215.24
3/21/2021,57523.42,1741.4,13215.24
3/22/2021,54529.15,1737.8,13377.54
3/23/2021,54738.94,1724.7,13227.7
3/24/2021,52774.26,1732.9,12961.89
3/25/2021,51704.16,1724.9,12977.68
3/26/2021,55137.31,1732.2,13138.73
3/27/2021,55973.51,1732.2,13138.73
3/28/2021,55950.75,1732.2,13138.73
3/29/2021,57750.2,1712.1,13059.65
3/30/2021,58917.69,1683.9,13045.39
3/31/2021,58918.83,1713.8,13246.87
4/1/2021,59095.81,1726.5,13480.11
4/2/2021,59384.31,1726.5,13480.11
4/3/2021,57603.89,1726.5,13480.11
4/4/2021,58758.56,1726.5,13480.11
4/5/2021,59057.88,1727,13705.59
4/6/2021,58192.36,1741.5,13698.38
4/7/2021,56048.94,1740.1,13688.84
4/8/2021,58323.95,1756.8,13829.31
4/9/2021,58245,1743.3,13900.19
4/10/2021,59793.24,1743.3,13900.19
4/11/2021,60204.96,1743.3,13900.19
4/12/2021,59893.45,1731.2,13850
4/13/2021,63503.46,1746.2,13996.1
4/14/2021,63109.7,1734.9,13857.84
4/15/2021,63314.01,1765.4,14038.76
4/16/2021,61572.79,1779,14052.34
4/17/2021,60683.82,1779,14052.34
4/18/2021,56216.19,1779,14052.34
4/19/2021,55724.27,1769.4,13914.77
4/20/2021,56473.03,1777.3,13786.27
4/21/2021,53906.09,1792.3,13950.22
4/22/2021,51762.27,1781.2,13818.41
4/23/2021,51093.65,1777,14016.81
4/24/2021,50050.87,1777,14016.81
4/25/2021,49004.25,1777,14016.81
4/26/2021,54021.75,1779.2,14138.78
4/27/2021,55033.12,1778,14090.22
4/28/2021,54824.7,1773.2,14051.03
4/29/2021,53555.11,1768.1,14082.55
4/30/2021,57750.18,1767.3,13962.68
5/1/2021,57828.05,1767.3,13962.68
5/2/2021,56631.08,1767.3,13962.68
5/3/2021,57200.29,1791.4,13895.12
5/4/2021,53333.54,1775.8,13633.5
5/5/2021,57424.01,1784.1,13582.42
5/6/2021,56396.51,1815.5,13632.84
5/7/2021,57356.4,1831.1,13752.24
5/8/2021,58803.78,1831.1,13752.24
5/9/2021,58232.32,1831.1,13752.24
5/10/2021,55859.8,1837.5,13401.86
5/11/2021,56704.57,1835.9,13389.43
5/12/2021,49150.53,1822.6,13031.68
5/13/2021,49716.19,1823.8,13124.99
5/14/2021,49880.53,1837.9,13429.98
5/15/2021,46760.19,1837.9,13429.98
5/16/2021,46456.06,1837.9,13429.98
5/17/2021,43537.51,1867.5,13379.05
5/18/2021,42909.4,1867.8,13303.64
5/19/2021,37002.44,1881.3,13299.74
5/20/2021,40782.74,1881.8,13535.74
5/21/2021,37304.69,1876.7,13470.99
5/22/2021,37536.63,1876.7,13470.99
5/23/2021,34770.58,1876.7,13470.99
5/24/2021,38705.98,1884.6,13661.17
5/25/2021,38402.22,1898.1,13657.17
5/26/2021,39294.2,1901.3,13738
5/27/2021,38436.97,1895.7,13736.28
5/28/2021,35697.61,1902.5,13748.74
5/29/2021,34616.07,1902.5,13748.74
5/30/2021,35678.13,1902.5,13748.74
5/31/2021,37332.85,1902.5,13748.74
6/1/2021,36684.92,1902.9,13736.48
6/2/2021,37575.18,1907.5,13756.33
6/3/2021,39208.77,1871.2,13614.51
6/4/2021,36894.41,1889.8,13814.49
6/5/2021,35551.96,1889.8,13814.49
6/6/2021,35862.38,1889.8,13814.49
6/7/2021,33560.71,1896.8,13881.72
6/8/2021,33472.63,1892.2,13924.91
6/9/2021,37345.12,1893.2,13911.75
6/10/2021,36702.6,1894.2,14020.33
6/11/2021,37334.4,1877.4,14069.42
6/12/2021,35552.52,1877.4,14069.42
6/13/2021,39097.86,1877.4,14069.42
6/14/2021,40218.48,1864,14174.14
6/15/2021,40406.27,1854.5,14072.86
6/16/2021,38347.06,1859.5,14039.68
6/17/2021,38053.5,1773.8,14161.35
6/18/2021,35787.24,1767.9,14030.38
6/19/2021,35615.87,1767.9,14030.38
6/20/2021,35698.3,1767.9,14030.38
6/21/2021,31676.69,1781.8,14141.48
6/22/2021,32505.66,1776.3,14253.27
6/23/2021,33723.03,1782.3,14271.73
6/24/2021,34662.44,1775.6,14369.71
6/25/2021,31637.78,1776.6,14360.39
6/26/2021,32186.28,1776.6,14360.39
6/27/2021,34649.64,1776.6,14360.39
6/28/2021,34434.34,1779.6,14500.51
6/29/2021,35867.78,1762.8,14528.33
6/30/2021,35040.84,1770.8,14503.95
7/1/2021,33572.12,1775.9,14522.38
7/2/2021,33897.05,1782.6,14639.33
7/3/2021,34668.55,1782.6,14639.33
7/4/2021,35287.78,1782.6,14639.33
7/5/2021,33746,1782.6,14639.33
7/6/2021,34235.19,1793.5,14663.64
7/7/2021,33855.33,1801.5,14665.06
7/8/2021,32877.37,1799.6,14559.78
7/9/2021,33798.01,1810,14701.92
7/10/2021,33520.52,1810,14701.92
7/11/2021,34240.19,1810,14701.92
7/12/2021,33155.85,1805.5,14733.24
7/13/2021,32702.03,1809.4,14677.65
7/14/2021,32822.35,1824.3,14644.95
7/15/2021,31780.73,1828.4,14543.13
7/16/2021,31421.54,1814.5,14427.24
7/17/2021,31533.07,1814.5,14427.24
7/18/2021,31796.81,1814.5,14427.24
7/19/2021,30817.83,1808.7,14274.98
7/20/2021,29807.35,1810.9,14498.88
7/21/2021,32110.69,1802.9,14631.95
7/22/2021,32313.11,1805,14684.6
7/23/2021,33581.55,1801.4,14836.99
7/24/2021,34292.45,1801.4,14836.99
7/25/2021,35350.19,1801.4,14836.99
7/26/2021,37337.53,1798.7,14840.71
7/27/2021,39406.94,1799.5,14660.58
7/28/2021,39995.91,1799.5,14762.58
7/29/2021,40008.42,1831.2,14778.26
7/30/2021,42235.55,1812.6,14672.68
7/31/2021,41626.2,1812.6,14672.68
8/1/2021,39974.9,1812.6,14672.68
8/2/2021,39201.95,1818.1,14681.07
8/3/2021,38152.98,1810.1,14761.29
8/4/2021,39747.51,1810.5,14780.53
8/5/2021,40869.55,1805.1,14895.12
8/6/2021,42816.5,1760,14835.76
8/7/2021,44555.8,1760,14835.76
8/8/2021,43798.12,1760,14835.76
8/9/2021,46365.4,1723.4,14860.18
8/10/2021,45585.03,1728.8,14788.09
8/11/2021,45593.64,1750.4,14765.14
8/12/2021,44428.29,1749,14816.26
8/13/2021,47793.32,1775.2,14822.9
8/14/2021,47096.95,1775.2,14822.9
8/15/2021,47047,1775.2,14822.9
8/16/2021,46004.48,1786.9,14793.76
8/17/2021,44695.36,1785,14656.18
8/18/2021,44801.19,1781.6,14525.91
8/19/2021,46717.58,1780.2,14541.79
8/20/2021,49339.18,1781,14714.66
8/21/2021,48905.49,1781,14714.66
8/22/2021,49321.65,1781,14714.66
8/23/2021,49546.15,1803.2,14942.65
8/24/2021,47706.12,1805.6,15019.8
8/25/2021,48960.79,1788.2,15041.86
8/26/2021,46942.22,1792.2,14945.81
8/27/2021,49058.67,1816.6,15129.5
8/28/2021,48902.4,1816.6,15129.5
8/29/2021,48829.83,1816.6,15129.5
8/30/2021,47054.98,1809,15265.89
8/31/2021,47166.69,1815,15259.24
9/1/2021,48847.03,1813.1,15309.38
9/2/2021,49327.72,1808.7,15331.18
9/3/2021,50025.37,1830.9,15363.52
9/4/2021,49944.63,1830.9,15363.52
9/5/2021,51753.41,1830.9,15363.52
9/6/2021,52633.54,1830.9,15363.52
9/7/2021,46811.13,1795.9,15374.33
9/8/2021,46091.39,1790.7,15286.64
9/9/2021,46391.42,1797.4,15248.25
9/10/2021,44883.91,1789.6,15115.49
9/11/2021,45201.46,1789.6,15115.49
9/12/2021,46063.27,1789.6,15115.49
9/13/2021,44963.07,1792,15105.58
9/14/2021,47092.49,1804.7,15037.76
9/15/2021,48176.35,1792.4,15161.53
9/16/2021,47783.36,1754.6,15181.92
9/17/2021,47267.52,1749.4,15043.97
9/18/2021,48278.36,1749.4,15043.97
9/19/2021,47260.22,1749.4,15043.97
9/20/2021,42843.8,1761.8,14713.9
9/21/2021,40693.68,1776,14746.4
9/22/2021,43574.51,1776.7,14896.85
9/23/2021,44895.1,1747.7,15052.24
9/24/2021,42839.75,1749.7,15047.7
9/25/2021,42716.59,1749.7,15047.7
9/26/2021,43208.54,1749.7,15047.7
9/27/2021,42235.73,1750,14969.97
9/28/2021,41034.54,1735.8,14546.68
9/29/2021,41564.36,1721.5,14512.44
9/30/2021,43790.9,1755.3,14448.58
10/1/2021,48116.94,1757,14566.7
10/2/2021,47711.49,1757,14566.7
10/3/2021,48199.95,1757,14566.7
10/4/2021,49112.9,1766.2,14255.48
10/5/2021,51514.81,1759.6,14433.83
10/6/2021,55361.45,1760.5,14501.91
10/7/2021,53805.99,1757.9,14654.02
10/8/2021,53967.85,1756.3,14579.54
10/9/2021,54968.22,1756.3,14579.54
10/10/2021,54771.58,1756.3,14579.54
10/11/2021,57484.79,1754.6,14486.2
10/12/2021,56041.06,1758.3,14465.92
10/13/2021,57401.1,1793.7,14571.64
10/14/2021,57321.53,1796.7,14823.43
10/15/2021,61593.95,1767.2,14897.34
10/16/2021,60892.18,1767.2,14897.34
10/17/2021,61553.62,1767.2,14897.34
10/18/2021,62026.08,1764.8,15021.81
10/19/2021,64261.99,1769.7,15129.09
10/20/2021,65992.84,1784.1,15121.68
10/21/2021,62210.17,1781.2,15215.7
10/22/2021,60692.26,1795.5,15090.2
10/23/2021,61393.62,1795.5,15090.2
10/24/2021,60930.84,1795.5,15090.2
10/25/2021,63039.83,1806,15226.71
10/26/2021,60363.79,1792.7,15235.71
10/27/2021,58482.39,1797.9,15235.84
10/28/2021,60622.14,1801.6,15448.12
10/29/2021,62227.96,1783,15498.39
10/30/2021,61888.83,1783,15498.39
10/31/2021,61318.96,1783,15498.39
11/1/2021,61004.41,1795.1,15595.92
11/2/2021,63226.4,1788.7,15649.6
11/3/2021,62970.05,1763.6,15811.58
11/4/2021,61452.23,1793,15940.31
11/5/2021,61125.67,1816.4,15971.59
11/6/2021,61527.48,1816.4,15971.59
11/7/2021,63326.99,1816.4,15971.59
11/8/2021,67566.83,1827.4,15982.36
11/9/2021,66971.83,1830.2,15886.54
11/10/2021,64995.23,1847.6,15622.71
11/11/2021,64949.96,1863.2,15704.28
11/12/2021,64155.94,1867.9,15860.96
11/13/2021,64469.53,1867.9,15860.96
11/14/2021,65466.84,1867.9,15860.96
11/15/2021,63557.87,1866.1,15853.85
11/16/2021,60161.25,1853.6,15973.86
11/17/2021,60368.01,1869.7,15921.57
11/18/2021,56942.14,1861,15993.71
11/19/2021,58119.58,1851.2,16057.44
11/20/2021,59697.2,1851.2,16057.44
11/21/2021,58730.48,1851.2,16057.44
11/22/2021,56289.29,1806,15854.76
11/23/2021,57569.07,1783.5,15775.14
11/24/2021,56280.43,1784.1,15845.23
11/25/2021,57274.68,1784.1,15845.23
11/26/2021,53569.76,1785.3,15491.66
11/27/2021,54815.08,1785.3,15491.66
11/28/2021,57248.46,1785.3,15491.66
11/29/2021,57806.57,1782.3,15782.83
11/30/2021,57005.43,1773.6,15537.69
12/1/2021,57229.83,1781.6,15254.05
12/2/2021,56477.82,1760.7,15381.32
12/3/2021,53598.25,1782,15085.47
12/4/2021,49200.7,1782,15085.47
12/5/2021,49368.85,1782,15085.47
12/6/2021,50582.63,1777.5,15225.15
12/7/2021,50700.08,1782.6,15686.92
12/8/2021,50504.8,1783.4,15786.99
12/9/2021,47672.12,1774.6,15517.37
12/10/2021,47243.31,1782.9,15630.6
12/11/2021,49362.51,1782.9,15630.6
12/12/2021,50098.34,1782.9,15630.6
12/13/2021,46737.48,1786.3,15413.28
12/14/2021,46612.63,1770.4,15237.64
12/15/2021,48896.72,1762.6,15565.58
12/16/2021,47665.43,1796.6,15180.43
12/17/2021,46202.14,1803.8,15169.68
12/18/2021,46848.78,1803.8,15169.68
12/19/2021,46707.01,1803.8,15169.68
12/20/2021,46880.28,1793.7,14980.94
12/21/2021,48936.61,1787.9,15341.09
12/22/2021,48628.51,1801.6,15521.89
12/23/2021,50784.54,1811.2,15653.37
12/24/2021,50822.2,1811.2,15653.37
12/25/2021,50429.86,1811.2,15653.37
12/26/2021,50809.52,1811.2,15653.37
12/27/2021,50640.42,1808.1,15871.26
12/28/2021,47588.85,1810.2,15781.72
12/29/2021,46444.71,1805.1,15766.22
12/30/2021,47178.13,1812.7,15741.56
12/31/2021,46306.45,1827.5,15644.97
1/1/2022,47686.81,1827.5,15644.97
1/2/2022,47345.22,1827.5,15644.97
1/3/2022,46458.12,1799.4,15832.8
1/4/2022,45897.58,1814,15622.72
1/5/2022,43569,1824.6,15100.17
1/6/2022,43160.93,1788.7,15080.86
1/7/2022,41557.9,1797,14935.9
1/8/2022,41733.94,1797,14935.9
1/9/2022,41911.6,1797,14935.9
1/10/2022,41821.26,1798.4,14942.83
1/11/2022,42735.85,1818.6,15153.45
1/12/2022,43949.1,1827.2,15188.39
1/13/2022,42591.57,1821.2,14806.81
1/14/2022,43099.7,1816.5,14893.75
1/15/2022,43177.4,1816.5,14893.75
1/16/2022,43113.88,1816.5,14893.75
1/17/2022,42250.55,1816.5,14893.75
1/18/2022,42375.63,1812.3,14506.9
1/19/2022,41744.33,1843.1,14340.26
1/20/2022,40680.42,1842.5,14154.02
1/21/2022,36457.32,1831.8,13768.92
1/22/2022,35030.25,1831.8,13768.92
1/23/2022,36276.8,1831.8,13768.92
1/24/2022,36654.33,1841.7,13855.13
1/25/2022,36954,1852.7,13539.29
1/26/2022,36852.12,1829.9,13542.12
1/27/2022,37138.23,1793.3,13352.78
1/28/2022,37784.33,1784.9,13770.57
1/29/2022,38138.18,1784.9,13770.57
1/30/2022,37917.6,1784.9,13770.57
1/31/2022,38483.13,1795,14239.88
2/1/2022,38743.27,1800.3,14346
2/2/2022,36952.98,1809.2,14417.55
2/3/2022,37154.6,1803,13878.82
2/4/2022,41500.88,1806.6,14098.01
2/5/2022,41441.16,1806.6,14098.01
2/6/2022,42412.43,1806.6,14098.01
2/7/2022,43840.29,1820.6,14015.67
2/8/2022,44118.45,1826.6,14194.45
2/9/2022,44338.8,1835.2,14490.37
2/10/2022,43565.11,1836.2,14185.64
2/11/2022,42407.94,1840.8,13791.15
2/12/2022,42244.47,1840.8,13791.15
2/13/2022,42197.52,1840.8,13791.15
2/14/2022,42586.92,1868,13790.92
2/15/2022,44575.2,1854.8,14139.76
2/16/2022,43961.86,1870.2,14124.09
2/17/2022,40538.01,1900.7,13716.72
2/18/2022,40030.98,1898.6,13548.07
2/19/2022,40122.15,1898.6,13548.07
2/20/2022,38431.38,1898.6,13548.07
2/21/2022,37075.28,1898.6,13548.07
2/22/2022,38286.03,1906.1,13381.52
2/23/2022,37296.57,1909.2,13037.49
2/24/2022,38332.61,1925.1,13473.59
2/25/2022,39214.22,1886.5,13694.62
2/26/2022,39105.15,1886.5,13694.62
2/27/2022,37709.78,1886.5,13694.62
2/28/2022,43193.23,1899.4,13751.4
3/1/2022,44354.64,1942.4,13532.46
3/2/2022,43924.12,1920.9,13752.02
3/3/2022,42451.79,1934.4,13537.94
3/4/2022,39137.6,1965.1,13313.44
3/5/2022,39400.58,1965.1,13313.44
3/6/2022,38419.98,1965.1,13313.44
3/7/2022,38062.04,1993.9,12830.96
3/8/2022,38737.27,2040.1,12795.55
3/9/2022,41982.93,1985.9,13255.55
3/10/2022,39437.46,1998.1,13129.96
3/11/2022,38794.97,1982.7,12843.81
3/12/2022,38904.01,1982.7,12843.81
3/13/2022,37849.66,1982.7,12843.81
3/14/2022,39666.76,1959.6,12581.22
3/15/2022,39338.79,1928.5,12948.62
3/16/2022,41143.93,1908,13436.55
3/17/2022,40951.38,1942.1,13614.78
3/18/2022,41801.15,1928.2,13893.84
3/19/2022,42190.65,1928.2,13893.84
3/20/2022,41247.82,1928.2,13893.84
3/21/2022,41078,1928.6,13838.46
3/22/2022,42358.81,1920.7,14108.82
3/23/2022,42892.96,1936.6,13922.6
3/24/2022,43960.93,1961.6,14191.84
3/25/2022,44348.73,1953.8,14169.3
3/26/2022,44500.83,1953.8,14169.3
3/27/2022,46820.49,1953.8,14169.3
3/28/2022,47128.01,1939.6,14354.9
3/29/2022,47465.73,1912,14619.64
3/30/2022,47062.66,1933.5,14442.27
3/31/2022,45538.68,1949.2,14220.52
4/1/2022,46281.64,1919.1,14261.5
4/2/2022,45868.95,1919.1,14261.5
4/3/2022,46453.57,1919.1,14261.5
4/4/2022,46622.67,1929.2,14532.55
4/5/2022,45555.99,1922.9,14204.17
4/6/2022,43206.74,1918.4,13888.82
4/7/2022,43503.85,1933.8,13897.3
4/8/2022,42287.66,1941.6,13711
4/9/2022,42782.14,1941.6,13711
4/10/2022,42207.67,1941.6,13711
4/11/2022,39521.9,1944.3,13411.96
4/12/2022,40127.18,1972.1,13371.57
4/13/2022,41166.73,1981,13643.59
4/14/2022,39935.52,1970.9,13351.08
4/15/2022,40553.46,1970.9,13351.08
4/16/2022,40424.48,1970.9,13351.08
4/17/2022,39716.95,1970.9,13351.08
4/18/2022,40826.21,1982.9,13332.36
4/19/2022,41502.75,1955.7,13619.66
4/20/2022,41374.38,1952.3,13453.07
4/21/2022,40527.36,1944.9,13174.65
4/22/2022,39740.32,1931,12839.29
4/23/2022,39486.73,1931,12839.29
4/24/2022,39469.29,1931,12839.29
4/25/2022,40458.31,1893.2,13004.85
4/26/2022,38117.46,1901.4,12490.74
4/27/2022,39241.12,1885.9,12488.93
4/28/2022,39773.83,1888.7,12871.53
4/29/2022,38609.82,1909.3,12334.64
4/30/2022,37714.88,1909.3,12334.64
5/1/2022,38469.09,1909.3,12334.64
5/2/2022,38529.33,1861.8,12536.02
5/3/2022,37750.45,1868.8,12563.76
5/4/2022,39698.37,1867,12964.86
5/5/2022,36575.14,1874,12317.69
5/6/2022,36040.92,1881.2,12144.66
5/7/2022,35501.95,1881.2,12144.66
5/8/2022,34059.26,1881.2,12144.66
5/9/2022,30296.95,1857.1,11623.25
5/10/2022,31022.91,1839.9,11737.67
5/11/2022,28936.36,1852.6,11364.24
5/12/2022,29047.75,1823.8,11370.96
5/13/2022,29283.1,1807.4,11805
5/14/2022,30101.27,1807.4,11805
5/15/2022,31305.11,1807.4,11805
5/16/2022,29862.92,1813.5,11662.79
5/17/2022,30425.86,1818.2,11984.52
5/18/2022,28720.27,1815.9,11418.15
5/19/2022,30314.33,1841.2,11388.5
5/20/2022,29200.74,1841.8,11354.62
5/21/2022,29432.23,1841.8,11354.62
5/22/2022,30323.72,1841.8,11354.62
5/23/2022,29098.91,1847.8,11535.27
5/24/2022,29655.59,1865.1,11264.45
5/25/2022,29562.36,1846.2,11434.74
5/26/2022,29267.22,1847.4,11740.65
5/27/2022,28627.57,1851.3,12131.13
5/28/2022,29023.49,1851.3,12131.13
5/29/2022,29445.96,1851.3,12131.13
5/30/2022,31726.39,1851.3,12131.13
5/31/2022,31792.31,1842.7,12081.39
6/1/2022,29799.08,1843.3,11994.46
6/2/2022,30467.49,1866.5,12316.9
6/3/2022,29704.39,1845.4,12012.73
6/4/2022,29832.91,1845.4,12012.73
6/5/2022,29906.66,1845.4,12012.73
6/6/2022,31370.67,1839.2,12061.37
6/7/2022,31155.48,1847.5,12175.23
6/8/2022,30214.36,1851.9,12086.27
6/9/2022,30112,1848.8,11754.23
6/10/2022,29083.8,1871.5,11340.02
6/11/2022,28360.81,1871.5,11340.02
6/12/2022,26762.65,1871.5,11340.02
6/13/2022,22487.39,1828,10809.23
6/14/2022,22206.79,1809.5,10828.35
6/15/2022,22572.84,1815.3,11099.15
6/16/2022,20381.65,1845.7,10646.1
6/17/2022,20471.48,1835.6,10798.35
6/18/2022,19017.64,1835.6,10798.35
6/19/2022,20553.27,1835.6,10798.35
6/20/2022,20599.54,1835.6,10798.35
6/21/2022,20710.6,1834.6,11069.3
6/22/2022,19987.03,1834.3,11053.08
6/23/2022,21085.88,1825.7,11232.19
6/24/2022,21231.66,1826.5,11607.62
6/25/2022,21502.34,1826.5,11607.62
6/26/2022,21027.3,1826.5,11607.62
6/27/2022,20735.48,1820.9,11524.55
6/28/2022,20280.64,1817.5,11181.54
6/29/2022,20104.02,1813.7,11177.89
6/30/2022,19784.73,1804.1,11028.74
7/1/2022,19269.37,1798.9,11127.85
7/2/2022,19242.26,1798.9,11127.85
7/3/2022,19297.08,1798.9,11127.85
7/4/2022,20231.26,1798.9,11127.85
7/5/2022,20190.11,1761.8,11322.24
7/6/2022,20548.25,1734.9,11361.85
7/7/2022,21637.59,1737.9,11621.35
7/8/2022,21731.12,1740.6,11635.31
7/9/2022,21592.21,1740.6,11635.31
7/10/2022,20860.45,1740.6,11635.31
7/11/2022,19970.56,1730,11372.6
7/12/2022,19323.91,1723.3,11264.73
7/13/2022,20212.07,1734.2,11247.58
7/14/2022,20569.92,1704.5,11251.19
7/15/2022,20836.33,1702.4,11452.42
7/16/2022,21190.32,1702.4,11452.42
7/17/2022,20779.34,1702.4,11452.42
7/18/2022,22485.69,1709.2,11360.05
7/19/2022,23389.43,1710,11713.15
7/20/2022,23231.73,1699.5,11897.65
7/21/2022,23164.63,1712.7,12059.61
7/22/2022,22714.98,1727.1,11834.11
7/23/2022,22465.48,1727.1,11834.11
7/24/2022,22609.16,1727.1,11834.11
7/25/2022,21361.7,1719,11782.67
7/26/2022,21239.75,1717.7,11562.57
7/27/2022,22930.55,1719.1,12032.42
7/28/2022,23843.89,1750.3,12162.59
7/29/2022,23804.63,1762.9,12390.69
7/30/2022,23656.21,1762.9,12390.69
7/31/2022,23336.9,1762.9,12390.69
8/1/2022,23314.2,1769,12368.98
8/2/2022,22978.12,1771.1,12348.76
8/3/2022,22846.51,1758,12668.16
8/4/2022,22630.96,1788.5,12720.58
8/5/2022,23289.31,1772.9,12657.55
8/6/2022,22961.28,1772.9,12657.55
8/7/2022,23175.89,1772.9,12657.55
8/8/2022,23809.49,1786.8,12644.46
8/9/2022,23164.32,1794,12493.93
8/10/2022,23947.64,1795.6,12854.8
8/11/2022,23957.53,1789.7,12779.91
8/12/2022,24402.82,1798.6,13047.19
8/13/2022,24424.07,1798.6,13047.19
8/14/2022,24319.33,1798.6,13047.19
8/15/2022,24136.97,1781.4,13128.05
8/16/2022,23883.29,1773.2,13102.55
8/17/2022,23336,1760.3,12938.12
8/18/2022,23212.74,1755.3,12965.34
8/19/2022,20877.55,1747.6,12705.22
8/20/2022,21166.06,1747.6,12705.22
8/21/2022,21534.12,1747.6,12705.22
8/22/2022,21398.91,1734,12381.57
8/23/2022,21528.09,1746.8,12381.3
8/24/2022,21395.02,1747.8,12431.53
8/25/2022,21600.91,1757.7,12639.27
8/26/2022,20260.02,1736.1,12141.71
8/27/2022,20041.74,1736.1,12141.71
8/28/2022,19616.81,1736.1,12141.71
8/29/2022,20297.99,1736.6,12017.67
8/30/2022,19796.81,1723.2,11883.14
8/31/2022,20049.76,1712.8,11816.2
9/1/2022,20127.14,1696.6,11785.13
9/2/2022,19969.77,1709.8,11630.86
9/3/2022,19832.09,1709.8,11630.86
9/4/2022,19986.71,1709.8,11630.86
9/5/2022,19812.37,1709.8,11630.86
9/6/2022,18837.67,1700.4,11544.91
9/7/2022,19290.32,1715.3,11791.9
9/8/2022,19329.83,1708,11862.13
9/9/2022,21381.15,1716.2,12112.31
9/10/2022,21680.54,1716.2,12112.31
9/11/2022,21769.26,1716.2,12112.31
9/12/2022,22370.45,1728.1,12266.41
9/13/2022,20296.71,1705,11633.57
9/14/2022,20241.09,1696.5,11719.68
9/15/2022,19701.21,1665.4,11552.36
9/16/2022,19772.58,1671.7,11448.4
9/17/2022,20127.58,1671.7,11448.4
9/18/2022,19419.51,1671.7,11448.4
9/19/2022,19544.13,1666.2,11535.02
9/20/2022,18890.79,1659.7,11425.05
9/21/2022,18547.4,1664.6,11220.19
9/22/2022,19413.55,1670.8,11066.81
9/23/2022,19297.64,1645.3,10867.93
9/24/2022,18937.01,1645.3,10867.93
9/25/2022,18802.1,1645.3,10867.93
9/26/2022,19222.67,1623.3,10802.92
9/27/2022,19110.55,1626.7,10829.5
9/28/2022,19426.72,1660.4,11051.64
9/29/2022,19573.05,1658.5,10737.51
9/30/2022,19431.79,1662.4,10575.62
10/1/2022,19312.09,1662.4,10575.62
10/2/2022,19044.11,1662.4,10575.62
10/3/2022,19623.58,1692.9,10815.43
10/4/2022,20336.84,1721.1,11176.41
10/5/2022,20160.72,1711.4,11148.64
10/6/2022,19955.44,1711.7,11073.31
10/7/2022,19546.85,1700.5,10652.4
10/8/2022,19416.57,1700.5,10652.4
10/9/2022,19446.43,1700.5,10652.4
10/10/2022,19141.48,1667.3,10542.1
10/11/2022,19051.42,1678.7,10426.19
10/12/2022,19157.45,1670.3,10417.1
10/13/2022,19382.9,1670,10649.15
10/14/2022,19185.66,1641.7,10321.39
10/15/2022,19067.64,1641.7,10321.39
10/16/2022,19268.09,1641.7,10321.39
10/17/2022,19550.76,1657,10675.8
10/18/2022,19334.42,1649,10772.4
10/19/2022,19139.53,1627.5,10680.51
10/20/2022,19053.74,1630.8,10614.84
10/21/2022,19172.47,1651,10859.72
10/22/2022,19208.19,1651,10859.72
10/23/2022,19567.01,1651,10859.72
10/24/2022,19345.57,1648.7,10952.61
10/25/2022,20095.86,1652.8,11199.12
10/26/2022,20770.44,1664,10970.99
10/27/2022,20285.84,1660.7,10792.67
10/28/2022,20595.35,1639.6,11102.45
10/29/2022,20818.48,1639.6,11102.45
10/30/2022,20635.6,1639.6,11102.45
10/31/2022,20495.77,1635.9,10988.15
11/1/2022,20485.27,1645,10890.85
11/2/2022,20159.5,1645.7,10524.8
11/3/2022,20209.99,1627.3,10342.94
11/4/2022,21147.23,1672.5,10475.25
11/5/2022,21282.69,1672.5,10475.25
11/6/2022,20926.49,1672.5,10475.25
11/7/2022,20602.82,1676.5,10564.52
11/8/2022,18541.27,1712.1,10616.2
11/9/2022,15880.78,1710.1,10353.17
11/10/2022,17586.77,1750.3,11114.15
11/11/2022,17034.29,1766,11323.33
11/12/2022,16799.18,1766,11323.33
11/13/2022,16353.37,1766,11323.33
11/14/2022,16618.2,1773.6,11196.22
11/15/2022,16884.61,1773.8,11358.41
11/16/2022,16669.44,1773,11183.66
11/17/2022,16687.52,1760.8,11144.96
11/18/2022,16697.78,1751.9,11146.06
11/19/2022,16711.55,1751.9,11146.06
11/20/2022,16291.83,1751.9,11146.06
11/21/2022,15787.28,1737.4,11024.51
11/22/2022,16189.77,1738.3,11174.41
11/23/2022,16610.71,1744.9,11285.32
11/24/2022,16604.47,1744.9,11285.32
11/25/2022,16521.84,1753.3,11226.36
11/26/2022,16464.28,1753.3,11226.36
11/27/2022,16444.63,1753.3,11226.36
11/28/2022,16217.32,1740.1,11049.5
11/29/2022,16444.98,1748.4,10983.78
11/30/2022,17168.57,1746,11468
12/1/2022,16967.13,1801.1,11482.45
12/2/2022,17088.66,1795.9,11461.5
12/3/2022,16908.24,1795.9,11461.5
12/4/2022,17130.49,1795.9,11461.5
12/5/2022,16974.83,1767.4,11239.94
12/6/2022,17089.5,1769.3,11014.89
12/7/2022,16848.13,1785.5,10958.55
12/8/2022,17233.47,1788.7,11082
12/9/2022,17133.15,1798.1,11004.62
12/10/2022,17128.72,1798.1,11004.62
12/11/2022,17104.19,1798.1,11004.62
12/12/2022,17206.44,1780.5,11143.74
12/13/2022,17781.32,1813.9,11256.81
12/14/2022,17652.1,1807.5,11170.89
12/15/2022,17364.86,1777.2,10810.53
12/16/2022,16647.48,1790,10705.41
12/17/2022,16795.09,1790,10705.41
12/18/2022,16757.98,1790,10705.41
12/19/2022,16439.68,1787.7,10546.03
12/20/2022,16906.31,1815.9,10547.11
12/21/2022,16817.53,1815.9,10709.37
12/22/2022,16830.34,1787,10476.12
12/23/2022,16796.95,1795.9,10497.86
12/24/2022,16847.76,1795.9,10497.86
12/25/2022,16841.99,1795.9,10497.86
12/26/2022,16919.81,1795.9,10497.86
12/27/2022,16717.17,1814.8,10353.23
12/28/2022,16552.57,1807.9,10213.29
12/29/2022,16642.34,1819.5,10478.09
12/30/2022,16602.59,1819.7,10466.48
12/31/2022,16547.5,1819.7,10466.48
1/1/2023,16625.08,1819.7,10466.48
1/2/2023,16688.47,1819.7,10466.48
1/3/2023,16679.86,1839.7,10386.98
1/4/2023,16863.24,1852.8,10458.76
1/5/2023,16836.74,1834.8,10305.24
1/6/2023,16951.97,1864.2,10569.29
1/7/2023,16955.08,1864.2,10569.29
1/8/2023,17091.14,1864.2,10569.29
1/9/2023,17196.55,1872.7,10635.65
1/10/2023,17446.29,1871.6,10742.63
1/11/2023,17943.9,1874.6,10931.67
1/12/2023,18869.59,1895.5,11001.1
1/13/2023,19909.57,1918.4,11079.16
1/14/2023,20976.3,1918.4,11079.16
1/15/2023,20880.8,1918.4,11079.16
1/16/2023,21169.63,1918.4,11079.16
1/17/2023,21161.52,1907.2,11095.11
1/18/2023,20688.78,1904.4,10957.01
1/19/2023,21086.79,1922.1,10852.27
1/20/2023,22676.55,1926.4,11140.43
1/21/2023,22777.63,1926.4,11140.43
1/22/2023,22720.42,1926.4,11140.43
1/23/2023,22934.43,1927.1,11364.41
1/24/2023,22636.47,1933.9,11334.27
1/25/2023,23117.86,1941.2,11313.36
1/26/2023,23032.78,1929.1,11512.41
1/27/2023,23078.73,1928.6,11621.71
1/28/2023,23031.09,1928.6,11621.71
1/29/2023,23774.57,1928.6,11621.71
1/30/2023,22840.14,1922.9,11393.81
1/31/2023,23139.28,1929.5,11584.55
2/1/2023,23723.77,1927.8,11816.32
2/2/2023,23471.87,1916.3,12200.82
2/3/2023,23449.32,1862.9,12006.95
2/4/2023,23331.85,1862.9,12006.95
2/5/2023,22955.67,1862.9,12006.95
2/6/2023,22760.11,1866.2,11887.45
2/7/2023,23264.29,1871.7,12113.79
2/8/2023,22939.4,1877.4,11910.52
2/9/2023,21819.04,1866.2,11789.58
2/10/2023,21651.18,1862.8,11718.12
2/11/2023,21870.87,1862.8,11718.12
2/12/2023,21788.2,1862.8,11718.12
2/13/2023,21808.1,1851.9,11891.79
2/14/2023,22220.8,1854,11960.15
2/15/2023,24307.84,1834.2,12070.59
2/16/2023,23623.47,1842,11855.83
2/17/2023,24565.6,1840.4,11787.27
2/18/2023,24641.28,1840.4,11787.27
2/19/2023,24327.64,1840.4,11787.27
2/20/2023,24829.15,1840.4,11787.27
2/21/2023,24436.35,1833,11492.3
2/22/2023,24188.84,1832,11507.07
2/23/2023,23947.49,1818,11590.4
2/24/2023,23198.13,1808.8,11394.94
2/25/2023,23175.38,1808.8,11394.94
2/26/2023,23561.21,1808.8,11394.94
2/27/2023,23522.87,1817,11466.98
2/28/2023,23147.35,1828.9,11455.54
3/1/2023,23646.55,1837.7,11379.48
3/2/2023,23475.47,1833.5,11462.98
3/3/2023,22362.68,1847.7,11689.01
3/4/2023,22353.35,1847.7,11689.01
3/5/2023,22435.51,1847.7,11689.01
3/6/2023,22429.76,1847.9,11675.74
3/7/2023,22219.77,1813.9,11530.33
3/8/2023,21718.08,1812.7,11576
3/9/2023,20363.02,1829.3,11338.35
3/10/2023,20187.24,1862,11138.89
3/11/2023,20632.41,1862,11138.89
3/12/2023,22163.95,1862,11138.89
3/13/2023,24197.53,1911.7,11188.84
3/14/2023,24746.07,1906.2,11428.15
3/15/2023,24375.96,1926.6,11434.05
3/16/2023,25052.79,1919,11717.28
3/17/2023,27423.93,1969.8,11630.51
3/18/2023,26965.88,1969.8,11630.51
3/19/2023,28038.67,1969.8,11630.51
3/20/2023,27767.24,1979.2,11675.54
3/21/2023,28175.82,1938,11860.11
3/22/2023,27307.44,1946.8,11669.96
3/23/2023,28333.97,1993.8,11787.4
3/24/2023,27493.29,1982.1,11823.96
3/25/2023,27494.71,1982.1,11823.96
3/26/2023,27994.33,1982.1,11823.96
3/27/2023,27139.89,1952.4,11768.84
3/28/2023,27268.13,1972.4,11716.08
3/29/2023,28348.44,1966.1,11926.24
3/30/2023,28033.56,1980.3,12013.47
3/31/2023,28478.48,1969,12221.91
4/1/2023,28411.03,1969,12221.91
4/2/2023,28199.31,1969,12221.91
4/3/2023,27790.22,1983.9,12189.45
4/4/2023,28168.09,2022.2,12126.33
4/5/2023,28177.98,2020.9,11996.86
4/6/2023,28044.14,2011.9,12087.96
4/7/2023,27925.86,2011.9,12087.96
4/8/2023,27947.79,2011.9,12087.96
4/9/2023,28333.05,2011.9,12087.96
4/10/2023,29652.98,1989.1,12084.36
4/11/2023,30235.06,2004.8,12031.88
4/12/2023,30139.05,2010.9,11929.34
4/13/2023,30399.07,2041.3,12166.27
4/14/2023,30485.7,2002.2,12123.47
4/15/2023,30318.5,2002.2,12123.47
4/16/2023,30315.36,2002.2,12123.47
4/17/2023,29445.04,1994.2,12157.72
4/18/2023,30397.55,2007.4,12153.41
4/19/2023,28822.68,1995.2,12157.23
4/20/2023,28245.99,2007.6,12059.56
4/21/2023,27276.91,1979.5,12072.46
4/22/2023,27817.5,1979.5,12072.46
4/23/2023,27591.38,1979.5,12072.46
4/24/2023,27525.34,1989.1,12037.2
4/25/2023,28307.6,1994,11799.16
4/26/2023,28422.7,1985.7,11854.35
4/27/2023,29473.79,1989.9,12142.24
4/28/2023,29340.26,1990.1,12226.58
4/29/2023,29248.49,1990.1,12226.58
4/30/2023,29268.81,1990.1,12226.58
5/1/2023,28091.57,1983.4,12212.6
5/2/2023,28680.54,2014.3,12080.51
5/3/2023,29006.31,2028.6,12025.33
5/4/2023,28847.71,2048,11966.4
5/5/2023,29534.38,2017.4,12235.41
5/6/2023,28904.62,2017.4,12235.41
5/7/2023,28454.98,2017.4,12235.41
5/8/2023,27694.27,2026.3,12256.92
5/9/2023,27658.77,2036.2,12179.55
5/10/2023,27621.76,2030.5,12306.44
5/11/2023,27000.79,2014.7,12328.51
5/12/2023,26804.99,2014.5,12284.74
5/13/2023,26784.08,2014.5,12284.74
5/14/2023,26930.64,2014.5,12284.74
5/15/2023,27192.69,2018,12365.21
5/16/2023,27036.65,1988.4,12343.05
5/17/2023,27398.8,1980.7,12500.57
5/18/2023,26832.21,1956.5,12688.84
5/19/2023,26890.13,1978.7,12657.9
5/20/2023,27129.59,1978.7,12657.9
5/21/2023,26753.83,1978.7,12657.9
5/22/2023,26851.28,1974.8,12720.78
5/23/2023,27225.73,1972.4,12560.25
5/24/2023,26334.82,1962.8,12484.16
5/25/2023,26476.21,1943.1,12698.09
5/26/2023,26719.29,1944.1,12975.69
5/27/2023,26868.35,1944.1,12975.69
5/28/2023,28085.65,1944.1,12975.69
5/29/2023,27745.88,1944.1,12975.69
5/30/2023,27702.35,1958,13017.43
5/31/2023,27219.66,1963.9,12935.29
6/1/2023,26819.97,1978,13100.98
6/2/2023,27249.59,1952.4,13240.77
6/3/2023,27075.13,1952.4,13240.77
6/4/2023,27119.07,1952.4,13240.77
6/5/2023,25760.1,1958,13229.43
6/6/2023,27238.78,1965.5,13276.42
6/7/2023,26346,1942.7,13104.9
6/8/2023,26508.22,1963.6,13238.52
6/9/2023,26480.38,1962.2,13259.14
6/10/2023,25851.24,1962.2,13259.14
6/11/2023,25940.17,1962.2,13259.14
6/12/2023,25902.5,1955.3,13461.92
6/13/2023,25918.73,1944.6,13573.32
6/14/2023,25124.68,1955.3,13626.48
6/15/2023,25576.39,1957.8,13782.82
6/16/2023,26327.46,1958.4,13689.57
6/17/2023,26510.68,1958.4,13689.57
6/18/2023,26336.21,1958.4,13689.57
6/19/2023,26851.03,1958.4,13689.57
6/20/2023,28327.49,1935.5,13667.29
6/21/2023,30027.3,1933.3,13502.2
6/22/2023,29912.28,1912.7,13630.61
6/23/2023,30695.47,1919.1,13492.52
6/24/2023,30548.69,1919.1,13492.52
6/25/2023,30480.26,1919.1,13492.52
6/26/2023,30271.13,1923.7,13335.78
6/27/2023,30688.16,1914,13555.67
6/28/2023,30086.25,1912.3,13591.75
6/29/2023,30445.35,1909.2,13591.33
6/30/2023,30477.25,1921.1,13787.92
7/1/2023,30590.08,1921.1,13787.92
7/2/2023,30620.77,1921.1,13787.92
7/3/2023,31156.44,1921.7,13816.77
7/4/2023,30777.58,1921.7,13816.77
7/5/2023,30514.17,1919.6,13791.65
7/6/2023,29909.34,1908.7,13679.04
7/7/2023,30342.26,1926.2,13660.72
7/8/2023,30292.54,1926.2,13660.72
7/9/2023,30171.23,1926.2,13660.72
7/10/2023,30414.47,1925,13685.48
7/11/2023,30620.95,1931.3,13760.7
7/12/2023,30391.65,1956.2,13918.96
7/13/2023,31476.05,1959.2,14138.57
7/14/2023,30334.07,1960.1,14113.7
7/15/2023,30295.81,1960.1,14113.7
7/16/2023,30249.13,1960.1,14113.7
7/17/2023,30145.89,1952.4,14244.95
7/18/2023,29856.56,1977.2,14353.64
7/19/2023,29913.92,1977.5,14358.02
7/20/2023,29792.02,1968.3,14063.31
7/21/2023,29908.74,1964.3,14032.81
7/22/2023,29771.8,1964.3,14032.81
7/23/2023,30084.54,1964.3,14032.81
7/24/2023,29176.92,1960.3,14058.87
7/25/2023,29227.39,1962.1,14144.56
7/26/2023,29354.97,1968.9,14127.28
7/27/2023,29210.69,1945.4,14050.11
7/28/2023,29319.25,1960.4,14316.66
7/29/2023,29356.92,1960.4,14316.66
7/30/2023,29275.31,1960.4,14316.66
7/31/2023,29230.11,1970.5,14346.02
8/1/2023,29675.73,1940.7,14283.91
8/2/2023,29151.96,1937.4,13973.45
8/3/2023,29178.68,1932,13959.72
8/4/2023,29074.09,1939.6,13909.24
8/5/2023,29042.13,1939.6,13909.24
8/6/2023,29041.86,1939.6,13909.24
8/7/2023,29180.58,1933.5,13994.4
8/8/2023,29765.49,1924.1,13884.32
8/9/2023,29561.49,1915.4,13722.02
8/10/2023,29429.59,1914.4,13737.99
